name,ratings,date,helpful,comment,developer_comment
jep Bak,1,2021-06-30,31,"여러지인들과 머리핀몇개4만원상당 주문했는데..3주나걸립니다..상품준비기간이1일이라는데..상품재고도 없이 판매하는 마켓...배송지연이라 메세지도 없어. 구매자가 먼저 말해야 답변이랍시고 주고..역시중국산..가격에비해 퀄리티 많이떨어져요..그마켓을 믿은것보다.""에이블리""믿고 주문했는데.완전실망스럽네요..이번거래 끝나면 탈퇴각이요.마켓대변인만 하는 대한민국1등쇼핑몰",
쑈니,1,2021-07-03,1,"이번 업데이트 진짜 별로다;; 왜 한지 모르겠음 어느 쇼핑몰에 들어가서 카테코리 선택한 후에 옛날처럼 정렬,키,색상,가격 이런거 선택할수 있었으면 좋겠음",
신봉근,1,2021-07-04,0,ㅇㄴ제가 다른 계정으로 고데기를 주문을 했는데 하루뒤에 도착이라고 떠서 일이 있어서 몇시간 뒤에 찾으러 갔는데 없어요 제돈만 날린건지 아님 다른데로 잘못 배송이 됬는지 몰 라도 어떻게든 배상 받고싶습니다!!!😡😡,
멈멈,1,2021-06-10,121,내 변심으로 환불한것도 아니고 쇼핑몰측에서 품절되서 환불해주겠다고했음. 근데 환불계좌를 옛날에 등록해놔서 환불안내받자 환불계좌 바꾸고싶다고 연락함. 쇼핑몰측이 답장하길 자기네는 이미 환불완료해서 에이블리측에 문의하라함. 에이블리측에 바로 문의함. 안봄. 결국 변경안한채로 당일 환불됌. 환불되자마자 이미 환불완료되서 안된다고 문의답장 옴. 이게뭐예영ㅋㅋㅋㅋㅋ진짜개별로.ㅎ연예인 모델 섭외할 시간에 더 빠른 컨슈머대응이 훨씬 필요할듯,
JI _,1,2021-06-16,40,여기는 품절 확인 제대로 안하시나요? 매번 품절이라고 구매하고 취소되고 한번정도는 이해하겠는데 산거 3번은 그러네요ㅎ 진짜 소비자 두고 장난질하는 것도 아니고 중간에서 중개하는 거면 제대로 해야지 가게랑 품절 확인도 안하고 판매만 하면 끝이다~ 이런 건가요? 마인드 개별로네요,
성아아빠,1,2021-07-05,0,배송은 느리고 판매자는 문의글에 답도 없고 한참 만에 온 물건은 구매한거랑 전혀 다른 옷 이고 반품신청했는데 역시 답은없고 전화를 해야 해결이 되려나;;,
석민영,1,2021-06-14,6,회원가입을 하려고하니깐 회원가입이 되있다고해서 아이디 찾기해서 아이디 치고 로그인하려고하면 없는 아이디라고 하고 그래서 회원가입 하려고하니깐 있는 아이디라고 되있고 문의하려고하니깐 로그인하라고하면 어떻게 이용하죠??..... 쓰고 싶어도 못쓰도록 만들어져있으니 할말이 없네요,
seo Yun_,1,2021-06-29,29,에이블리 일을 잘 안하는것 같에요. 상품을 일주일 전에 주문했는데 갑자기 일주일뒤에 연락와서 상품 품절이라고 하니 황당했네요. 품절 확인좀 제대로 하면 좋겠습니다. 그냥 브렌*을 사용하는게 더 좋겠어요.,
슘댱이,1,2021-06-17,4,배송 너무 느리네요. 질문했더니 답변도 불쾌하구요 관리가 잘 안되는듯..? 어플 삭제합니다 수고요.,
송이송이,1,2021-06-07,285,요즘 에이블리에 실망이 커지네요.. 배송도 점점 느려지고 쿠폰수도 줄어들고 있어요. 고급(?)회원일수록 더 다양한 쿠폰을 지급해야하는게 당연한거 아닌기요..? 등급이 올라갈수록 낮은 가격에 사용 가능한 쿠폰이 없어요. 확대 축소도 안돼서 불편한 점이 꽤 있어요. 그리고 배송비가 없어서 좋아했는데 다른 곳에 같은 상품을 찾아보니 배송비가 빠진 가격으로 팔고 있더라구요. 배송비 없는 척하고 상품 가격에 배송비를 포함해 놓는건가요..? 정말 많은 생각이 드네요...,
최정은,1,2021-06-15,1,별주기도 아깝네 니들이 택배사를 잘했어야지 어 지연되가지고 3주나 밀렸는데 그게 말이냐 방구 어떻겠든 이번주내로 오게 해라 니들 안그러면 신고한다.,
민붕규,1,2021-05-03,134,디자인만 보고 예쁘다고 덥석 구매하지 마세요.. 품질보증기간이나 반품 및 교환이 어떤지도 꼼꼼히 따져보세요! 손목시계 구매했는데 2주지나서 멈춰서 시계방 갔더니 고장나서 멈춘거라고 해서 교환요청 했더니 일주일 교환기간 지난거라 교환이 어렵다고 어이없는 답변듣고 시계 버렸네요.. TV 광고만 해서 물건 팔줄만 알지 소비자의 서비스 정책은 완전 꽝이네요! 저 같은 피해자가 더 안나오면 좋겠네요. 앱 삭제합니다,
나린,1,2021-06-14,1,다 좋은데 14세 미만은 스스로 못시키나요? 왜 결제가 안돼죠 팔면 안 될거라도 판 것도 아닌데 왜 못 시키나용ㅎ,
냥냥,1,2021-06-25,1,인터넷에서 똑같은 거 찾아보세요 에이블리 가격 장난아니게 부풀릴때가 많아요,
유림,1,2021-06-09,1,제발 배송 좀 빨리 왔으면 좋겠어요. 저번엔 3주정도 후에 오고 배송이 느려서 이젠 이 앱을 통해 옷을 사는게 줄거같네요.,
얄랴율류,1,2021-05-09,38,이 어플을 깔기전에 옷보다는 악세사리를 위해 구매하는 용도가 좋을것 같네요. 기본적으로 옷들을 구매하면 배송이 너무 늦어요 주문하면 계속 상품준비중이라고만 떠있고 상품준비기간? 며칠지나서 보냈나하고 확인하면 여전히 준비중ㅋㅋㅋ악세사리는 금방 오던데 옷은 음.. 할많하않이예요.,
Jihye Yoo,1,2021-05-13,401,판매처측도 에이블리측도 대응방식이 넘 늦어요 심지어 뜯지도 않았는데 반품안된다고 하더라구요... 반품안되면 온라인쇼핑을어떻게합니까! 배송비 제가 물고서라도 반품한다는데 왜안된다고하는지...참고로 판매처측주장입니다..에이블리에서는 기다리란말만 4~5일째하고있네요 이러면서 7일 채우려나 봅니다,
키미시미로,1,2021-05-10,35,"총 3가지 상품을 주문했던 사람입니다. 다 다른 마켓이라는 것을 인지하고 시켰음에도 4일이나 아무런 문자없이 상품준비중만 뜨더라구요? 그런데 이상한 건 제 아는 지인이 제가 상품을 구매한 다음날 저와 똑같은 제품을 구매했는데 지인은 하루만에 왔습니다. 각기 다른 매장에서 배송을 한다고도 했고 배송지연이 되면 문자가 온다는 것도 알겠는데, 지인은 하루만에 배송되고 지연알림문자는 오지도 않고, 결국 환불했는데 환불은 또 며칠씩이나 걸리지 알 수가 없네요...부디 처음 이 앱을 까시는 분이 계신다면 아는 지인이랑 같이 구매해서 서로 며칠씩 걸리는지 확인해보세요... 아는 지인은 옷받고 좋아하는데 저는 옷 구경이라도 한번 해보고 싶네요...",
이민형,1,2021-05-18,206,저렴한 가격에 무료배송이라해서 얼른 어플 깔았는데 추가요금이있어 금액이 늘어나네요?ㅋㅋㅋㅋㅋㅋ 뭡니까이게 소비자 기만도아니고... 최종금액을 써놔야지 왕창 할인하는듯이 해놓고 최종결제가면 금액이 다 달라져요ㅡㅡ 쿠폰도 금액이 크니까 사용도못하고 .....참 거지같네요 개선좀하세요,
따룽이,1,2021-05-04,64,"에이블리에서 한달에 몇십만원씩 꾸준히 사는 사람입니다 에이블리 배송상품은 정말 거르고싶어요 색도 다르고 불량건에 대한 교환도 한번하려면 문의하는데만 며칠걸려, 불량건임에도 온갖말 덧붙히며 쉽게 바꿔주지도 않네요^^ 교환해준 제품이 또 불량이면 그땐 교환안된다는둥 고지하시면서 소비자책임으로 돌리시는데, 교환해준 제품이 불량인걸 왜 소비자가 책임집니까? 이상한 서비스 개선 필요해보입니다 이런일 있음에도 글 안남기고있다가 이번에 색상으로 문의드리니 화면과 다를수 있다며 디테일컷 확인하라하시는데 상품컷, 디테일컷 하나없이 착용컷만 있습니다~ 어딘가 했더니 에이블리 배송상품 이였네요 제발 기만하지말고 똑바로 해주세요 소비자가 한두번 사는줄 아시나요?",
사탕소녀,1,2021-06-15,0,5만원을 날렸어요.. 결제를 했는데 취소라고 뜨네요.. 돈만 날렸네요.. 다들 피해보지 마세요..,
물결,1,2021-05-11,9,솔직히 배송이 너무 느려요. 악세사리나 백같은건 1~2일 안에는 오고 엄청 빠른데 의류 상품들은 너무 늦네요. 보니까 에이블리는 재고를 보유하고 판매하지 않고 주문을 받으면 거래처에 입고요청 후 진행된다는데 너무 늦어요.,
송루이,1,2021-05-10,7,아니 재고관리도 안한 상품을 도대체 왜 올리나요? 배송을 2주넘게 기다리는게 말이됩니까? 그이유가 재고확인이라고? 어이가없네 판매자들 관리좀하세요!!!!엉망진창이네요..배송 빠른상품도있지만 몇몇 쓰레기같은 판매자들때문에 이용하고싶지않네요ㅡㅡ 에이블리 고객센터는 전화연결 진짜 힘들 뭐하는건지 참,
원다슬,1,2021-05-22,96,지속적으로 쓰다보면 단점만 보이는 어플 1. 마켓들 대응 - 상세페이지랑 실물이랑 다른 제품 천지 문의하면 지들이 맞다고 박박우김&문의 진짜 늦게보던가 아예 안보던가 2.에이블리 대응 - 하는게 없음 뭐만하면 해당 마켓에 문의하라면서 미룸 3.내맘대로 사용 못하는 포인트 4. 할인쿠폰의 금액대가 너무 차이남 십오만원 이상 구매시 만원밖에 할인 안돼는 쿠폰 5.상세페이지랑 너무 다른 제품들때문에 더 상세히 보려고 리뷰보면 제품이랑 상관없는 사진들&상세페이지 그대로캡쳐&상품과 관련없는 리뷰들뿐 포인트거지새끼들이 넘쳐남 6.말도 안돼는 가격들이 많음 누가봐도&다른 쇼핑어플 조금만 찾아보면 똑같은거 또는 비슷한게 예를들어 이삼만원하는게 에이블리는 오육만원 가격깡패들 모임 쓰면 쓸수록 드럽고 치사한 마켓 / 무능한 에이블리 특히 리뷰거지새끼들 & 사기치는 마켓들 관리 안하는게 제일 문제,
열여드레,1,2021-06-06,24,없는 쇼핑몰도 많고 같은 쇼핑몰이어도 안 올라온 상품들도 많음. 디데일 볼려고 해도 확대가 안됨. 시력 나쁜 사람들은 앱 사용 못할듯. 쇼핑몰로 바로 가는 기능이 없음 . 쿠폰 많이 줘서 그건 좋음.,
ye ji na,1,2021-05-21,40,"배송 진짜 느려요.. 6벌 중 4벌이 배송지연이라뇨. 2벌이 배송지연 문자가 오고, 다른 2벌은 배송지연 문자는 없지만 배송 지연입니다... 각각 다른 곳에서 시켰는데 원래 이런건가 싶네요.. 구매하려고 따져보고 고른 시간들도 있는데 그 시간들이 아깝네요. 이제 막 이용할라 했는데 신뢰도가 넘 떨어져서 이용할지 모르겠어요.",
시엘,1,2021-05-20,142,주문취소가 되어서 4177원을 환불받아야하는데 돈은 들어오지도 않았었는데 완료되었다는 푸시알림이 떠서 당황스럽네요. 결제수단으로 돈 넣어주는걸러 아는데 카뱅 카드라 입금이 되어야 정상인데 돈도 안들어오고...돈 뜯어가시는건지...? 물품은 이쁘고 사장님도 디게 친절하시고 좋아요. 환불만 해주셨으면....ㅠㅠ,
설하민,1,2021-05-03,49,에이블리.. 좋게 생각했었습니다. 나쁜 점만 있는 앱은 아니라고 생각합니다만 일단 옷 보다는 차라리 악세사리를 사는게 나은것 같아요. 그리고 반품시키는데 무슨 6~7천원 정도를.. 날려 먹었습니다. 이건 진짜 아닌것 같네요 다른 브랜드는 반품 주문취소 다 무료로 해주거든요. 무료배송이라 그런가 이런부분은 화가 많이 나네요.,
ᄋᄋ,1,2021-05-14,43,꼭 필요한거라 시켰는데 환불하지도 않았는데 갑자기 단순변심이라고 하면서 자기들 맘대로 환불하고선 3시 부터 6시까지 계속 전화하고 카톡하고 앱문의했는데 상담시간이 지날때까지 미안하단 말한마디없이 어쩔수없다는 말만하고 진짜 고객센터도 별로고 상품도 별로네요 돈은 들어오지도 않는데 물건은 못받고 다시시켜도 날짜안에 못받고 쿠폰쓰고 할인받은건데 다시시키면 더비싼돈주고 사야하고 품절인것도 아니고 어쩌라는건지 진짜 시킬때마다 맨날 문제 생겨서 짜증납니다,
ᄎᄎᄎ,1,2021-05-22,37,"리뷰신고에 관해서 문의드립니다 옷이랑 전혀 상관없는 사진, 짤들이 너무 난무해서요... 피팅 사진 보려고 리뷰 보는 거 아닌데 피팅 그대로 캡처해서 올리는 것도 어이가 없습니다... 신고 기능이 있으면 좋을 것 같습니다 ㅜ",
박윤지,1,2021-06-06,9,아니 대체 환불처리가 왜이렇게 느리냐고요..벌써 3일째거든요? 아니 반품도 아니고 그냥 결제하고 취소진행인데 그게 이렇게 느릴 일인가요?,
강도연,1,2021-06-07,8,"상품 불량이라 바꾸려고 해서 쇼핑문의를 하면 답장을 안줌... 아니 물건이 불량이라 반품한다는데 안읽고 답을 안하면 어쩌라는거지? 이런것에 대한 방법은 어디에도 안나와 있네요. ,ㅠ",
예나,1,2021-06-08,8,다 좋은데 주문 취소 할때 선택 취소 가능했으면 좋겠어요.. 취소 했는데 그 사이에 제품 가격이 오르면 상당이 당황스러워요,
김진영,1,2021-04-17,5,비슷한상품들볼수있는건좋은데 시키면 품절됐다고 취소되고 배송도 오래걸리는것도많고 리뷰없는것들도많고 지금 몇번째 취소 반품 여기서시키기가무섭네요,
_ Kkaming,1,2021-04-17,3,너무 좋아요 그런데 품절된건 품절로 표시좀 되어있으면 좋겠네요 입급 다했는데 품절이라고 연락오면 어쩌자는거고 돈도 안돌려줌 ㅋㅋㅋㅋ,
이주희,1,2021-05-11,4,5천원 쿠폰이 당첨되서 주문시켰고 주문폭주라 기다려야한다는 말에 까짓거 기다리지뭐 하고 기다렸는데 며칠되도록 연락이 없어 홈페이지를 들어가보니 아무말 없이 환불처리. 개 열받음 일을 뭐 이따위로 하는건지.. 기다리는동안 5천원쿠폰도 기간이 다되어 쓰지도 못하게 됌 쇼핑몰과 에이블리측 어쩔수 없다만 반복함 결론은 진짜 쓰레기 어플.. 1점도 아까움,
김샬샬,1,2021-05-09,1,자꾸 폰인증 실패하는데 가입하라는건지 말라는건지 모르겠어요 계속그러는데 고치실생각도 없어보이시구....^^ 앱 써보지도 못했지만 앞으로도 안쓸거같아요^^ 수고하세요,
한여름,1,2021-04-28,1,배송이 엄청늦고요 문의하기도 복잡하고 전화도 안받고요 엄청 불친절하고요 14일째 물건이 상품중비중이네요;; 시간이랑 돈만 아깝네요,
0,1,2021-04-23,2,상품클릭해서 상세설명 보다가 맨 아래로 내렸다가 다시 스크롤 올리면 아무것도 안떠요 ㅠㅠㅠ진짜 답답해미치겠어요 조심조심 내려서 봐야돼여 제발 고쳐주세요,
최지혜,1,2021-04-18,8,티셔츠각각다른곳에서 세벌샀는데재고없다고 전부다지들이취소시킴ㅡㅡ이중에한곳은한참지나도재고없다고말도안해줌 겨우내가물어보고나서 한참뒤에재고없다고취소시켜줌 여기는왜재고확인도안하고왜판매하시나모르겠네,
민트,1,2021-07-04,0,아니...배송 취소를 했는데 환불이 된다면서 안되었어요....,
묘늬,1,2021-05-27,60,최악의 어플...다른 쇼핑앱으로 갈아타세요ㅡㅡ 갑자기 말없이 환불통보 근데 금액은 산금액보다 덜들어오고 사기치는건지... 갑자기 다음날저녁시간되서 통보당해서 상담도 못하게하고... 와 눈뜨고코베이고 사기당하네요 그동안 쓴돈들이 있는데ㅡㅡ 다신 이거안쓰고 경쟁사어플로 갈아타야겠어요!,
익명,1,2021-05-10,1,배송 자체가 시킬 때 마다 며칠째 배송준비중이라 뜨고 옷은 이쁜데 옷이 너무 오버핏을 넘어요..모델보다 키고 크고 그런 편이여도 막상 사이즈를 보면 원피스 수준으로 깁니다...,
이유진,1,2021-05-22,7,에이블리가 지그재그에 안되는 이유는 들어가보면 한눈에 알수있다. 옷을 살때 딱 정해서 사는것이 아니라 모아놓고 이거보고 저거보며 비교해가며 사는건데...,
세이메르,1,2021-04-23,2,환불도 일주일째 안되고 옷 품질은 별로고 환불 문의도 답변 안하시네요 언제쯤 답변해주실지 모르겠어요 이번이 마지막일 것 같네요,
이주은,1,2021-04-18,3,회원가입 하려고 하는데 인증번호만 입력하면 로딩 하다가 인증번호 발송에 실패했다고 뜨네요. 가입 안하고말죠;,
김지윤,1,2021-06-12,0,개썩음 앱이썩은게아니고 무배면 머하노 환불은 전부 돈내야됨 같은돈이연 쿠@이 낫겠다 옷도 맘에안듬! 환불료때문에 안하는사람있음 . 난 오늘 탈퇴한다 잘생각하고 까삼,
ᄋ음파,1,2021-05-20,5,어플이 왜이렇게 불편하죠? 뭐 사려고 회원가입할려니깐 이미 가입되어있다고 해서 로그인시도하니깐 비밀번호 등록 안되어있다고 비밀번호 찾기 들어가라고 해서 비밀번호 찾기 들어갔는데 방금 전에 회원가입 시도할때는 잘만 휴대폰 인증되더니 비번찾기할때는 왜 유효하지않은 휴대폰 번호라고 하는거죠? 가입도 안시켜주고 로그인도 안되게 하고 비밀번호 변경도 안되게 하면 어떻게 이용하라는거죠? 비번 변경하려니깐 방금전에 회원가입 시도하고 로그인 시도할때는 잘만 되던 휴대폰 인증도 유효하지 않은 휴대폰 유효하지 않은 이메일이라고 하고 ㅋㅋㅋ 뭐하자는거죠?,
호호,1,2021-05-30,1,좋게 쓰고 있는데 갑자기 인터넷이 불안정하다니 뭐라니 근데 전 와이파이 잘되는데 계속이러네요;; 버그인지 모르겠지만 빨리고쳐주세요,
예은,1,2021-05-08,0,핸드폰을 바꾸고 계정이 사라져 로그인을 하려고 카카오톡 로그인을 시도해보고 전화번호를 입력했는데 인증번호 전송에 실패했다며 로그인이 안되네요.,
다예,1,2021-05-02,2,제가 썼던 후기가 사라져서 다시써요 배송 전에 환불을 했는데 4일이 지났는데도 돈이 안 들어왔습니다 2~3일이면 들어온다고 들었는데.. 빨리 환불 부탁드려요,
리에,1,2021-06-08,4,바이너** 여기서 시켰는데 상품이 배송 됬다고 해서 계속 기다렸는데 안와서 택배사에 연락했더니 자기들 잘못인줄 알고 택배사에서 환불을 받았는데 알고보니 쇼핑몰에서 상품이 누락됬더라구요 근데 왜 배송완료라고 해놓는지요? 그래서 환불 받은 금액으로 다시 샀는데 같은옷이 2개와서 택배사에서 받은 금액 다시 물어주고 쇼핑몰에 니들 잘못이니 배송비 무료로 환불하겠다 했는데 안됀다대요? 참나 어이가 없어서,
지베리,1,2021-04-23,1,쿠폰을 사용하려고 가격 맞춰 사도 나중에 품절이라며 일부상품만 보내서 쿠폰을 사용하는 의미가 없음 무책임해요 여러분 브랜디 사용하세요,
초비,1,2021-05-11,1,1점도 아깝네요....하...인증은 안돼고 오류은 엄청나고 인증번호도 안옵니다 쇼핑얍을 들러보는데 이 앱이 나와서 깔엄ㅅ는데 오류 엄청나요 완전 노추,
한소리바다,1,2021-05-15,6,업데이트 된 뒤로는 처음 들어가봤는데 무슨 이벤트나 상세페이지 터치만 하면 화면 하얗게 되냐.. 뭘 쇼핑을 못하겠네...,
무곰,1,2021-05-15,4,결재를 할려하는데 계속 결채가 취소 된다고하네요.. 몇번이나 계속 시도했는데 계속 결재가 취소된다는개 짜증나네요,
김민주,1,2021-04-28,0,왜 리뷰를 못쓰게 해요...구매하고 나서 리부 쓰려고 하면 사진 첨부가 안됨... 진짜 너무 짜증나고 왜자꾸 렉이 걸리는지;,
레브라도라라,1,2021-06-03,6,내 스타일대로 나오지도 않고.. 그냥 아무사이트 들어가면 흔히 살수있는 뻔하고 흔한 옷들뿐이네.. 이럴꺼면 굳이..,
김하은,1,2021-06-02,0,참 쿠폰을 걍 주지 마세요 뭐 사면 몇프로 이딴건 거의 최소 200000만원은 구매해야하고 지금까지 에이블리에서 십만원정도 구매한거 같은데 너무 질 떨어지는게 많음,
SONG-Tube,1,2021-04-18,0,가입자체가 안돼요. 인증번호발송실패가 계속 뜨네요. 여러방법으로 가입시도해도,
장은경,1,2021-05-14,5,정말 여기서는 구매하지 마세요 불량인 옷을 무조건세탁하면 아무것도안된다고... 같은옷 두번구매해서 업체에서 말한데로 세탁망에서 세탁했는데 불량이 생겼는데 결론은 세탁하면 안된다는..,
강효은,1,2021-04-24,0,진짜 별 1개도 아깝네요 무료배송은 무슨 ㅋㅋㅋ 배송비 다 나와요 이정도면 광고가 ㅋㅋㅋ,
김이안,1,2021-04-23,1,앱애서 매물 뜨는 거 빼고는 제대로 되는 것도 없고 인터넷에서 하면 될 걸 굳이 앱을 깔 수밖에 없게 만들고 등등 이유로 삭제했던건데 페북에서 봤던 필요했던 옷 하나만 보고 재삭하려구요~ 대단해요!!에이블리 파이팅,
샤이니미나,1,2021-05-11,1,다양한 제품을 한곳에서 구매할수있어서 좋은데 한번도 일주일안에 배송온적이 없음...배송개느림,
기여쮸ᄋᄋ,1,2021-04-21,0,발송 갱ㅇㅇㅇㅇㅇ느려 두번다시 안씀 거기 입점한 가게들 다 각자쇼핑몰 있어서 거기서 주문하는게 훨 나음,
Eun S,1,2021-04-28,2,"제발 업체관리좀하세요. 문의남기면 답장이 하루걸러오고, 1일만에 배송된다해놓고 5일걸리고, 싼게비지떡 제품질이야 말할것도없음 업체락 커넥트가 너무 안좋음 배송 1주 생각하시고 사용하세요... 급하신분들은 다른거쓰시는게좋을듯함",
김가인,1,2021-05-18,2,옷 사면 어디 띃겨오거나 ㅋㅋ 찢여져 오늘 경우가 너무 많은데 그리고 배송도 너무 느린게 아쉽구요 옷 뒷처리안해서 돈만 아까워요 ㅋㅋ,
김늉별,1,2021-06-01,37,엄.. 잘 사용하고 있었는데 갑자기 웹페이지가 안뜬다네여... 오류좀 고쳐주세요 앱은 들어가지는데 주문 내역보기 이런거 누르면 웹페이지가 안떠요,
Alexis,1,2021-04-17,1,하루배송이라 광고하면서 단한번도 그런적없음 최소3일이상갔음!,
예빈,1,2021-06-13,0,카트결제를 하려고 해는데 페이북에서 결지를 하라는거에요 그래서 할려고해문데 무슨 인증서를 받아오라고 하는데 귀찮나서 안 했어요. 그리고 pc로 하라는데 pc없는사람은 결제도 못하는건가요? 그리고 결제하는데 굳이 어려게 해야되는건가요?,
송준혁,1,2021-05-06,0,이건 무슨 회원가입하는데 인증번호발생 실패했다 뜨고 몇번 지웠다 깔고해도 안되는데 어쩌라는거지,
Nayun Sung,1,2021-06-29,0,알림 설정 꺼놨는데도 팝업 알림이 계속 뜸.,
Timothy Handerson,1,2021-05-04,1,회원가입이 안 돼서 고객센터에 문의하려고 했는데 고객센터는 로그인한 사람들만 가능하다네요? 회원가입 좀 할 수 있게 해주세요,
캔디candy,1,2021-05-10,1,배송취소를 했는데 3일이 지나도 안들어와요 취소완료만뜨네요,
정선미,1,2021-05-23,2,배송느리고 싼게 비지떡이라고 옷상태도 안좋음요 디자인은 좋은데...,
임정희,1,2021-05-10,0,아오 진짜 난 구매확정 안눌렀다고 근데 자기혼자 눌러져놓고 반품 안된다는건 뭐야 진짜 1개도 아깝네,
룰루랄라,1,2021-06-01,1,"왜 회원 정보수정, 쿠폰 페이지 다 웹사이트 연결이 끊겼다고 뜹니까?",
심진경,1,2021-04-23,0,전제품 무배라 핀하나시켜봤는데 강제 취소당했음ㅜ 일반우편이라도 보내는줄..,
에에에,1,2021-06-04,0,로그인이 안돼요 페이스북으로 로그인하는데 계속 오류나요,
hyunjeong lee,1,2021-05-21,2,너무너무 싼티나는 쇼핑몰만 모아논 앱이에요. 한번 주문하고 전부 환불했어요. 다시는 이 앱 안쓰려구요.,
이정윤,1,2021-04-26,0,지금 검색이 안됩니다 뭐죠 옷구매하려고 찾아보려는데;;,
아미,1,2021-05-31,0,어제 제품을 주문했는데 갑자기 단순변심으로 취소가 됐어요. 어떻게 된건가요?,
이현경,1,2021-06-01,0,옷 살때 추가 금액이 늘어나네요 배송이 늦었네요,
뇽몽이닷컴,1,2021-04-21,0,어플이가정상작동안된다고앱닫기나옴,
조규민,1,2021-06-08,0,아니 ㅋㅋㅋㅋㅋㅋ 전체 아이디 찾으려고 ㅌ카톡문의 넣었는데 씹 물어볼건 다 물어봐놓고 안알려주는거 뭐임 개빡침 ㅋㅋㅋㅋㅌㅌㅌㅌ,
김민경,1,2021-04-22,4,배송비 안드는대신 다른 사이트보다 비싼 제품이 몇개 있고 반품접수 샵마다 달라서 너무 까다로움.... 배송 늦어지면 늦어진다고 공지를 제대로 해주면 좋겠는데 말없이 늦어지는 샵도 많고... 개인적으로 비슷한 어플들 중 1위를 못하는 이유가.... 있다고 생각,
정은,1,2021-06-28,0,여름인데 봄옷이 마니 보이네요.. 설치 하자마자 삭제함 ㅡㅡ,
유루윤서,1,2021-05-04,0,회원가입을 하고싶은데 인증번호발송에 실패햇다 계속 떠요. 어떻게 하나요?,
박주미,1,2021-06-11,0,배달 쪽에서 신발 사이즈가 한사이즈 작게 와서 빠른 대체가 없을까요?,
한은주,1,2021-04-10,19,진짜 좋밥입니다 배송도 5주동안 기다렸는데 갑자기 판매 종료라네요. 황당하고 어이가 없어요 가격만 엄청 비싸고 사면 쓰레기 입니다. 배송이 너무 느리네요 . 물건도 다 화질빨 입니다 절때 비추천 1점줘도 모자랄 쥐똥만큼 주고 싶네요,
깜찍이,1,2021-05-19,0,이메일을 모르겠어서 이메일 찾기를 했는데 3자리를 모르겠음 그래서 이제 에이블리 못 씀,
nam녕이,1,2021-05-12,0,배송이너무느림 개느림 한달걸링!!!,
Kang Eun Lee,1,2021-04-07,19,** 저평가 글 삭제하면 매일 올리겠습니다 (2) 온라인에 글 올리니 동일한 옷의 동일한 불량 문제가 있어서 무상 교환 받은 고객이 나타났습니다. 품질 문제로 입증 가능하니 고객에게 떠넘기지 말고 제대로 된 상품으로 무상교환 혹은 반품 바랍니다 옷이 불량인 것을 [나는] 이라는 업체가 소비자 변심으로 고집해서 결국 제 돈만 날리고 앱 삭제했어요ㅠㅠ 에이블리 진심 비추합니다. 입점 업체의 갑질과 품질. 서비스에 대한 평가 기준도 없다니 한심할 뿐입니다,
잉이잉이,1,2021-05-06,0,갑자기 화면이 않나와요 어떡해 된거죠?,
_여자들의_개같은_일상,1,2021-05-09,0,으으어어ㅡ어어으엉우으 갤럭시 A9pro 좀 넣어줘어ㅓㅓㅓㅓㅓㅓㅓㅓㅓㅓ 왜 다 맘에 드는건 아이폰밖에 없써ㅓㅓㅓ,
2606김수연,1,2021-05-15,0,뽑기 좀 바꿔주세요 솔직히 말해서 안돼는사람기분은 뭐가 됩니까? 아니면 꽝없는뽑기을 하든가요 안돼는사람은 얼마나 빡치는데요,
_뇨선,1,2021-02-18,119,진짜 별 한개도 아까워요.. 첫 주문은 너무 만족스러워서 에이블리 꾸준히 이용하려 했는데... 품절로 구매취소가 되서 구매 취소는 완료가 됐는데 돈이 안들어오네요.. 적은 돈도 아니고 괜히 걱정되서 문의는 해봤지만 답도 없고... 고객센터에 전화를 해봐도 2일 연속으로 상담사가 전부 상담중이라네요? 그것도 오전 오후 전부?? 그냥 일도 아니고 돈이 걸려있는 일인데 좀 기다리고 있고 걱정만 되는 소비자 마음을 생각해서라도 빠르게 처리하려는 마음은 없나요? 아직도 돈도 못받고 문의 답도 못받았습니다. 첫 주문은 너무 만족스러웠는데 갈수록 실망만 하네요.,
이서,1,2021-02-21,155,"완구/팬시 쪽에 건의 드리고 싶은 내용이 있어 이렇게 리뷰 남겨봅니다. 몇몇 상품들이 저작권 문제가 없는 상품인지 아닌지 정보가 나와있지를 않는데 (ex.각종 애니메이션 캐릭터 인쇄소스티커들) 혹시나 정품이 아닌 개인이 임의로 제작한 상품들을 판매하는거 아닌가 의심이 되어서요.. 평소 스티커, 문구류 쪽에 관심이 많고, 아트 상품을 내는 모든 브랜드 및, 캐릭터/일러스트 작가님들의 작품들을 좋아하는 소비자로서.. 혹시나 저작권 의식이 없는 분들의 상품이 팔리고 있는건 아닐까 걱정이 됩니다. 판매하시는 분들이 제대로 된 상품들을 팔고 있는건지 투명하게 공개하고 그렇지 않은 상품들은 제재를 해야하지 않나 생각합니다 솔직히 이런 부분들을 관리 못할 거였으면 완구/팬시쪽 서비스는 애초에 운영을 하지 말았어야죠. 소규모로 자기 굿즈들 제작해서 판매하는 사람들 중에도 좀만 인기 많아졌다하면 중국에서 카피 제품 나오면서 피해보는 분들도 많은데 에이블리처럼 국내에서 영향력있는 브랜드에서 이런 것도 신경 안쓰고 무분별하게 불법 굿즈들 판매하고 있는 모양새가 매우 불쾌합니다",
정기화,1,2021-02-09,55,"절차에 따라 반품신청란 다 기록하고 반품신청완료했습니다. 상세내용에 상세사항중 반품회수라는 단어가 안들어갓다고 수거 안왔다는데 이해가 안갑니다 . 받자마자 싸이즈오류로 반품접수했는데 수거 안오기에, 고객쎈터 문의했더니 일주일 지나서 반품안된다고합니다. 이게 맞는 말인가요?반품상세설명에 싸이즈작아서 반품후 재주문할거라고 썻지만 회수신청이란 단어는 안썼습니다. 그 단어 안썼다고 회수를 안했다???? 상세작성칸에 기록위해 클릭하면 에이블리측에서 사라지게 만든 문구중 설명되어있다합니다 . 요즘시대 바쁜사람들 상세설명쓰려고 클릭하면 회색글 사라집니다. 이걸 상세안내라고 해야 할까요. 보지못한 고객 잘못일까요.. 굳이 회수신청이란 단어가 안들어가더라도 반품후 다시 주문한다든지의 문장으로도 반품이고,반품예약접수되었단 확인까지 했는데 반품이 안된다고하니 맞는 것인지요! 수거 기다리다 일주일이 넘었습니다 일주일 넘어서 환불 안된답니다. 피해보상은 소보자보호원에 구제신청해야하는 건가요",
Vivian Kal,1,2021-02-07,163,"무료배송이라는건 진심 사기라고 생각합니다, 어떤 상품은 진심으로 무료배송일지라도 일부 상품만 그런건지는 정확치는 않은데 어떤 상품을 에이블리로 보다가 이 가게에 비슷한 다른 상품도 있을까 싶어서 네이버에 검색해서 상품을 찾는데 에이블리랑 완전 동일한 가게의 상품을 보는데 어이가없더라구요, 상품에 배송비도 붙혀서 판매하는거마냥 가격이 다르더라구요, 예를 들면 2500원 상품인데 에이블리에는 5000원되있더라구요?ㅋ 이게 무료배송인가요? 배보다 배꼽이라는 말은 여기써야겠네요, 상품을 1개만 사면 모르겠는데 2개정도하면 상품한개마다 배송비를 주는 셈 아닙니까?ㅋㅋ 어이가 없어서ㅋㅋ",
오움,1,2021-03-03,65,지금 배송준비중인 상품들 다발송하고 도착하면 어플지울생각임 ㅋㅋㅋㅋ 관리도안되는 쓰러ㅣ기같은어플을다봤나;; 에이블리반성해야됨진짜; 있는회원들 다떨어져나갈판 일단 배송이 쓰레기.. 평균배송 절대믿으면안됨 그 평균배송기준은 누가만들었는지 참..ㅋㅋㅋㅋ 기본적으로 보통상품배송도 일주일은 잡아야되고 배송지연 상품은 열흘이상 대기(최대20일까지도 기다렸다가 빡쳐서 취소한적도) &판매자 연락불가(왜연락안해?) 한두번이아니고요? 문의남기면 하루종일답도없고 답답하기만 관리안될거면 이 어플운영을 왜하는건지 노이해 ; (하도답답해서 참나 살다살다 어플에 불만남기긴처음),
김수진,1,2021-01-22,23,최근 문구/팬시류 할인 기간에 쿠폰을 사용해 구매했어요. 그런데 계속 택배발송도 되지 않아 문의했더니 물량폭주로 배송이 늦어진다고 해 계속 기다렸어요. 그리고 우체국택배로 배송이 시작되었다는 알림이 뜨는데 송장번호는 아예 조회도 되지 않았습니다. 그리고 오늘 물건파손이되어 주문취소가 되었다는 연락이 왔어요 왜 환불처리가 된건지 문의하니 단종확률이 높아 그렇다고 하네요ㅋㅋ.. 너무 일방적인 취소라 뭐 어떻게 대응해야 하는지 모르겠네요.,
은별,1,2021-02-24,6,안녕하세요. 이틀 전에 핸드폰케이스를 시켰는데 저희 집앞에 편의점에 맡겨달라고 그렇게 설정을 했었어요. 2일 후에 배송완료라고 떠서 편의점을 가보니 제 택배가 없더라구요 그래서 편의점 알바생님께 제 택배가 어디있냐고 했어요.CJ대한통운에서 어디에 둔지는 모르겠다고.. 그러더라구요. 핸드폰케이스 바꿀라고 샀는데 정말 실망이네요. 다음부터는 더 조심해주세요,
우니쓰,1,2021-03-04,22,결제를한적이 없는날에 통장내역을보니 돈이 빠져나갔길래 확인해봤더니 에이블리코퍼레이션에서 빼갔더라구요 저는 그날 에이블리에서 산게 없고 그정도 금액을 산적이 없는데 갑자기 돈이 빠져나갔어요 돈이 일이천원도 아니고 좀 큰금액이 빠져나갔는데 고객센터는 응답도 없고 어떡하란말이죠 고객센터문의를실시간상담형식으로하면 좋을것같아요,
이서윤,1,2021-02-23,4,진짜 ㅋ 다신 에이블리에서 옷 못사겠네요. 아니 하얀색 바지를 시켰는데 파란색 바지로 오질않나 검은색을 시켰는데 하얀색으로 오질않나..하.. 돈만 낭비한거 같아요. 제 돈이 너무 아깝네요 이러려고 이 앱 깐것도 시킨것도 아닌데,
김영솔,1,2021-02-08,19,케이스를 분명 기종에 맞게 시켰는데 배송이 잘못왔습니다. 잘못왔음에도 불구하고 상담원 전화연결도 힘들고 겨우겨우 연결이 됐는데 일반전화번호를 주더니 폰도 꺼놓더라구요. 7일 안에 교환을 마무리 해야하는데 대체 어떡하죠?,
임세린,1,2021-02-25,49,진짜 별하나도 아까움...아니 일을 제대로 하는건지도 모르겠음 옷 샀더니 연속 3번이나 품절이라면서 취소시키고 이게 뭔짓임;; 사람 희망고문 하는것도 아니고 품절이면 바로바로 띄워놓아야지.그리고 맘대로 주문취소랍시고 쿠폰 썼다면서 환불금액에서 1000원씩 빼가고 이게 뭐임.아니 하나씩 결제했다면 그럴만 한데 묶음으로 결제했는데 쿠폰 썼다면서 이렇게 빼가서 3000원 손해봄... 진짜 진짜 비추천 깔지마세요,
오월,1,2021-02-23,17,이쁜 옷도 많고 구경할것도 많긴한데 평균 배달이 1일 걸린다 적혀있는곳은 3~4일 뒤에 오고 그렇게 늦게왔는데도 잘못 온 경우가 대다수 있습니다.. 사이즈가 잘못오거나 세트로 시켰는데 하나밖에 안오거나 이러면 다시 갔다줬다가 또 받는 시간이 너무 오래걸려 맘에 안드네요..,
오서율,1,2021-02-24,3,반품도 안되고 배송도 너무 그리고 잘못선택해서 교환할려 했는데도 안돼고.. 진짜... 너무 하시네요.. 그리고 배송이 뜻겨서 오는게 말이되요?? 돈만 버렸네요..그리고 갤럭시 케이스가 많이 없어요..,
박은경,1,2021-04-01,233,"최근 일주일?보다 더 계속 접속장애로 인터넷 연결이 불안정하다는 팝업이 뜨고 어플이 꺼지는 현상이 나타나는데, 에이블리 어플 제외하고 모든 앱이 정상작동입니다. 어플로만 접속하는데 어플 접속이 안되고 광고알림만 뜨니 매번 어플을 들어가도 접속을 못 합니다. 삭제 후 재설치해도 마찬가지구요. 어플 문제인지 한 번 알아봐주세요.",
Joomi Bae,1,2021-05-03,0,인증번호 발송에 실패해서 가입 자체가 안되는데요?,
Ashley Choe,1,2021-03-08,14,검색 기능을 왜 해놓은건지 모르겠네요. 파랑 자켓을 찾으려고 아우터-자켓-파랑 을 설정해놓아도 ㅋㅋ 화면에 뜨는건 온통 그냥 자켓들... 일일이 들어가서 각 상품의 옵션을 봐도 파랑색은 있지도 않은데요... 에휴,
레빈,1,2021-02-18,52,예쁘고 좋은 옷이나 뭐 많은데... 무료배송 이라는게 정말 사기같고 제주도같은 경우에는 무료 배송이라고 해도3천원 더 내야 돼서 조금 그렇고 돈을 다 냈는데 갑자기 문자로 자동 구매 취소 돼서 짜증이 많이나요. 이럴거면 그냥 다른데에서 사는게 좋은거 같아요. 전 진심으로 1점도 못준다고 생각해요.,
쳇옹,1,2021-02-27,13,그냥 하나만 사도 무료배송이라는 말을 빼는게 어떨까요? 작은것들은 늘 3~4개 이상 구매해야 배송이 된다하고 심지어는 옷까지도 설명란에 50000원 이상 사야 무료배송이라는 문구를 적더라고요. 말이 안맞는데 그런 상점들을 제제할 수 없다면 하나만 사도 무료배송이라는 문구를 지워주세요. 볼때마다 거짓말같아서 좀..,
Love J,1,2021-02-22,5,"아니 평소에 잘오던 배송이 갑자기 엄청 느려졌네요 그 마켓에 천원 이하 상품이 있어서 이벤트 때문에 늦어진거면 모르겠는데 이번에 제가 주문한 비러브,드엘린 이 두곳은 배송이 왜 다 느려진거죠?26일날 출고 예정이라는데 누가 해외 배송도 아니고 일반배송을 2주나 기다리면서 상품을 주문하겠어요 ㅋㅋ 제발 배송 좀 신경써주세요",
유보림,1,2021-02-07,41,"한 쇼핑몰에서 2월 2일에 주문을 했는데 갑자기 이게 명절에 주문을 한걸로 분류가 된건지 2월 3일에 집하됐다는건만 알려주더니 그 이후론 소식도 없네요? 오륜가 생각해봤는데 화요일에 그 팔찌를 착용하고 나가야하는지라 마음만 더 급해지네요. 같은 쇼핑몰에선 저보다 더 늦게 주문한 친구도 배송이 왔고, 심지어 그 친구는 더 싸게 샀습니다. 분명히 한개도 배송이라고 하셨는데 갑자기 제 택배가 아무 소식없이 사라지니 어이가 없네요.",
Google 사용자,1,2021-02-26,20,검색시 관련없는 정보들이 너무 많이 나옴. 완전히 관련없는 정보들만 나와서 찾고자하는걸 찾을 수 없는 경우도 많았다. 타어플에 비해 상품도 적고 내가 본것들만 추천해줘서 다양하게 구경하고 구매하기가 좋지 않음. 타 어플들에 비해 더 맘에 드는 부분이 많아 에이블리만 보는편이었는데 이젠 모르겠다 이상해졌다,
김라임,1,2021-02-24,41,진심 별 한개도 너무 아까워요 환불취소를 잘못해서 취소철회요청 해도 만족스러운 답변줘서 죄송하다고만 함.실질적인 제도 개선이 시급함. 가격뻥튀기도 너무 많음. . . . . ㅇ ㅇ ㅂ ㄹ망해라 구매자들이 구매만 하면 지들은 할일 끝이라는 자세 좀 고쳤으면 좋겠음.,
효정,1,2021-02-03,4,이거 저만 그런게 아닌거 같은데 서버 언제 고쳐주시나요? 이틀 째 서버가 이상한데 아직도 안고쳐져요. 에이블리 잘 이용하고 있는데 이게 뭔가요;; 급하게 사야할 것 들이 많은데 빨리 고쳐주세요,
임동현네순댓국집,1,2021-02-18,5,에이블리에서 주문 한 게 오류가 나가지고 다 주문 취소가 되었는데요 환불 처리 되있다고만 뜨고 입금하나 안되있네요 전화로 문의 해보니 통화량이 많다고 하고 앱에서 문의 했는데도 애이블리애소 문의 하라고 하고 진짜 어떡하라는 거죠,
a b,1,2021-03-09,43,립합.이라는 마켓에서 2월 13일에 옷 구매 함. 한 달 째 안 보내줌. 3월 9일까지는 입고되어 발송해준다고 했는데 연락도 없고 발송도 안 해줌. 배송 못 받은 사람은 후기도 못 남김. 취소하고 입 닥치고 기다리는 방법밖에 없음. 마켓들도 어차피 물건 안 보내면 후기 못 남긴다는 사실을 알기 때문에 배송 자기 맘대로임. 미치고 환장할 노릇임. 에이블리 다시는 안 씀.,
제발,1,2021-02-21,1,진짜 환불도 안되고 전화연결도 안되고 계속 상담사가 다 통화중이라하고 하루종일 통화중이나요?배송도 일주일이나 넘게 상품준비중이라 뜨고 있고 진짜 스트레스 받네요 ㅠㅠ상담을 안해주는게 너무 답답하고 미치겠네요 다른분들 다른앱 이용하길바랍니다,
D :,1,2021-03-16,22,에이블리 처음 깔아서 옷 사봤는데 하나는 주문한지 좀 됬는데도 계속 상품 준비중이고.. 다른 하나는 입금을 했는데 주문취소되서 고객센터에 문의 드렸더니 그 옷산 싸이트 고객센터로 가져서는 그 분들도 에이블리 고객센터 가서 하라 하는데 1도 모르겠어요.. ; 저는 아마 다시는 안쓰지 않을까 싶습니당..,
박균팡,1,2021-03-14,3,검색창이 있는 이유를 모르겠어요; 후드티를 검색하면 원피스나 후드집업만 나오고 후드티는 겨우 4~5개 보이고 모자없는 맨투맨을 사려면 후드티만 검색해주네요 원피스를 사려해도 바지가 검색되는 마법의 검색창 인가요?,
전화걸어,1,2021-03-02,2,1점주기도 아깝네요. 케이스는 자고로 폰에 낄 수 있는게 케이스인데 케이스를 못끼게 하는게 케이스가 케이스라고 말할 수 있습니까? 예? 생각해보세요. 예? 예? 케이스 파는 분들 다 내리세요.,
정수영,1,2021-02-09,7,별한개도 아까워요.... 정말 어이가없네요 첫배송 6만원이상 구매시 1만원 할인이라해서 주문하고 결재까지 다 했는데 갑자기 제일 비싼상품이 품절이라고 연락와서 환불해준다함 그리고 약6천원정도 빠지고 입금되었음 그러니까 약 4천원정도 할인이 된거임 고객센터에 문의해봄 나머지 환불금액 만큼 더 살테니 만원할인 해달라 요청하니 이미 결재가 다 되어서 불가능하고 쿠폰고지사항에도 적혀있다고 안내받음 그리고 이런 문의사항이 너무 많다고함 이런 문의사항이 많으면 개선을 하던지 해야하는거 아님???? 재구매 절대 안하고싶음 마음이 듦 어플도 지울거임,
보리야멍멍해봐,1,2021-02-04,21,옷 종류가 다 거기서 거기같음 그냥 재질이나 그런 것만 다른 거 같고 디자인이 걍 거의 다 비슷한 거 밖에 없는 것 같네여 그리고 배송 진짜 너무 느려요 제 친구들중에 몇명은 한달이나 늦게 받았다고 하고 일주일 후에 받은 사람도 있고 거의 기본으론 전 3~4일 걸리는 듯 길면 1주일 정도,
안공주,1,2021-02-03,1,잘 사용 하고 있었는데 엊그제 부터 자꾸 앱이 안 들어가지고 튕기네요 서버가 불안정 하다고 뜨고 안 들어가져요 한 10번 정도 들어가면 한참 기다려야 켜지고 배송 조회 하려해도 들어가지질 않으니 너무 답답하네요 z플립 5g 쓰고있습니다 답변 부탁드려요,
김소담,1,2021-03-23,10,"카테고리 분류도 잘 안되어있고 가격도 표시가 잘 안되어있어 불편합니다,,, 그리고 몇개이상 사야 배송가능~ 이런 것도 참^^; 광고를 하나만 사도 무배라면서 몇개 사야 판다는게 어이가 없네요",
허지원,1,2021-04-04,5,물건주문했는데 어제부터 앱이 열리지가않아요 메세지는 오는데 접속을 할수가없어요 인터넷연결이 불안정하다는 문자뜨기도하고 그러네요 다른거는 잘돼는데 ᆢ 왜그럴까요? ㅜㅜ,
고경희,1,2021-04-04,4,저만 그런게 아니네요. 앱을 들어가려고 하면 인터넷 연결이 불안정 하다고 뜨는데 와이파이도 아니고 LTE로 연결 했는데도 알람이 떠서 앱 들어가지도 못하겟네요 . 오ㅑ그럽니까?,
ro se,1,2021-01-29,55,"솔직히 예쁜옷들은 많습니다. 하지만 사고보면 제질이 구리고,니트 가디건같은경우엔 하루만에 고풀이 피고,셔츠(목폴라세트)같은것도 한번입으면 옷 색깔이 바뀝니다. 그래서 아 감당 가능 하시는분만 앱 추천드리고 안그러심 비추..",
힐리 HEALI,1,2021-02-17,2,무슨 해외직구도 아니고 한달뒤에 배송되는게 말이되나요 그것도 한개가 아니라 여러개가 각 다른 쇼핑몰꺼가 ㅋㅋ 이렇게 다 느리게 올 줄 알았으면 여기서 안샀지 생일선물 주려고 생일 2주전에 주문했는데 한달뒤에 주겠네요 이럴거면 판다고 말을 하지마세요 차라리 해외직구 시킬테니까 ㅋㅋㅋ,
ᄋᄋ,1,2021-02-22,0,와 진짜 에이블리 일 안해요? 갑자기 결제 다한거 왜 취소하는데요 ㅋㅋㅋㅋㅋㅋㅋㅋㅋㅋㅋㅋㅋㅋㅋㅋㅋ 문의도 안받구~~ 1점 주기도 아까워용 여러분 에이블리 거르세여,
김수빈,1,2021-02-03,32,별한개도 아깝네요 자주 구매했지만 이렇게 빡치기도 처음이에요 원인도 모르고 계속 서버 상태가 안좋으니 다시시도 해달라하고 장바구니 다 담아놓으면 비어있다하고 맘대로 로그아웃되고 당장 급하게 오늘 시켜야되서 빡치는거 줠라 인내해서 주문하는데만 30분 걸리네요 로딩이 개 길어서 비교도 후기도 못보고 걍 되는데로 샀어요;;;,
이혜린,1,2021-04-01,8,3일전부터 제품을 누르면 오류가 뜨네요 그래서 삭제하고 다시깔고 업데이트까지했는데 이번엔 ... 어플 자체가 안들어가지네요.. 얼른 수정해주세요,
Selena park,1,2021-03-16,2,서버가 너무 약해서 접속도 안돼요. 계속 튕기고 21/03/16 이걸 작년 20.03.16에 적었는데 같은 날인 21.03.16에 또 튕기네요.. 무슨 일이죠..?ㅜ,"ABLY Corp., Inc.2020년 3월 17일안녕하세요 고객님, 에이블리를 이용해주셔서 감사합니다. 먼저 이용에 불편을 드려 대단히 죄송합니다.이벤트로 인해 많이 사용자가 집중되어 서버가 일시적으로 다운되었으며 다운된 즉시 대응에 돌입하였습니다. 현재는 정상적으로 이용가능하오니 깊은 양해 부탁드립니다. 미흡한 준비에 대해서 다시한번 죄송하다는 말씀을 드리며 앞으로 더욱 발전하는 에이블리가 되겠습니다. 감사합니다."
디디,1,2021-02-21,1,이곳은리뷰검수를따로안하나요? 실제사진을보고싶어서포토리뷰에서사진을보면 상세페이지에나오는사진을캡쳐해서올린사진이굉장히많아서보기불편합니다 상품리뷰부탁드립니다,
옴뇸뇸,1,2021-04-11,1,포인트 10퍼만 쓸수있으면 왜있는거에요;;;; 걍 한번에 쓰려고 모아뒀는데 개쓸모없어졌네.. 걍 포인트 다 쓰게해줘요;;;;,
루나루나,1,2021-02-03,1,그 보관함 몇개 만들었다고 렉 걸려요ㅠㅠㅠㅠ 그리고 네트워크 아주 잘 잡혀있는ㄷ데 뭐가 문제에요? 이건 좀 고쳐야할 것 같아요..,
임더비,1,2021-03-09,9,와 미치겠어요;;; 백업도 하고 업데이트도 하고 혹시나 폰이 이상한건가 싶어서 A/S 센터도 갔는데 왜 자꾸 강종되는거죠...?ㅠㅠㅠㅠ 뭘 사고 싶어도 봐야하는데 볼 수가 없는건 당연하구요... 전체앱을 다 업데이트 해봐도 나오는건 에이블리가 충돌이 많이 된다는 창밖에 안떠요ㅠㅠㅠㅠ,
샤방,1,2021-04-29,0,진짜 짜증나네요 제 폰 기종이 A32인데 고른 케이스 마다 족족 A31까지 밖에 없어요,
ᄋᄋ,1,2021-04-17,0,지금에이블리 앱 이상한거같은데 저뿐인가요,
달윤슬,1,2021-03-15,0,에이블리 앱 안열려요 ㅜㅜ 페리페라 쿠션사려고 하트 눌러놓고 쿠폰 받은거쓰려했는데 오늘 중에 사라진다는데 못사네요.. 아니 어제부터 계속 접속이 안돼요 와이파이 만땅 데이터 전부 안돼요 빠른 시일 내에 고쳐주세요,
로망,1,2021-02-13,9,가격 표시가 거짓말임 무료배송이면 뭐해~ 싼 거 들어가면 다 3개 이상 주문 안 하면 배송 안 한다고 적혀있고 심지어 앞에 적혀있던 가격은 아예 그냥 공지 옵션... 대체 뭔지... ㅋㅋㅋㅋ 낚인 거 같아서 기분만 나빠지고 나옴,
르미ઇଓ,1,2021-02-21,0,문의 좀 빨리 봐주세요 ㅠㅠㅠ 무통장 입금했는데 확인 안됐다고 주문 취소 되고 문의를 계속 안보시네요... (4일째) 다음부터 에이블리에서 못사겠네요.....,
소녀19,1,2021-04-09,0,주문을 잘못해서 취소했는데 주문할때 사용한 쿠폰과 포인트가 다시 들어온다는 말이 없네요,
Young Go,1,2021-02-02,1,아무리 적립금 열심히 모아도 구매액의 10프로 밖에 못씀. 고객센터는 문제 상황을 이해하려고 조차 하지 않으며 검색도 부실함,
_유를,1,2021-03-27,3,ㅋㅋㅋㅌㅋㅌ다좋은데요 제가 힘들게모은 포인트를 다쓰는것도못하나요?아니 10프로밖에쓰질못하다뇨 제가 저거모을려고 다사서했는데;;예전에는 다쓸수있었는대 오ㅑ 지금은안되나요 진짜 실망이네요..,
dlwl 010,1,2021-03-31,3,에러가너무나요 개선부탁드려요!! 앱 깔고지우고 몇번을했는지....다른곳보다 더 싼게많아서좋은데 멈추고 에러심해요 갑자기ㅜㅜ확인해주세요,
웅앵웅,1,2021-02-23,0,쿠폰 써서 상품 구매했는데 기다려도 안와서 며칠뒤에 확인해보니 구매 취소로 되어있고 쿠폰은 증발했네요;;;,
박지혜,1,2021-05-11,1,문의하기가 왜있는지 모르겠음 전체적으로 답변도 느리고 답장도 없슴,
gaeul seo,1,2021-03-30,2,취소처리하면 왜 바로 승인이 안나는거죠?마켓은 취소처리 했다는데 왜 구매내역은 취소처리 진행중 으로만 뜨고 왜바로취소가완료가 안되죠?,
jinsil yoo,1,2021-04-14,0,"업체 관리 좀 하셔야죠!!! 퍽하면 입고 지연에, 퍽하면 품절에... ㅡㅡ 장난하나 ㅡㅡ",
산소망,1,2021-05-05,0,이벤트 응모권 뽑는 인원 좀 늘려주세요,
:3나봉,1,2021-02-23,0,진짜 오래사용했는데 에이블리다신안써 무슨 고객센터를 이따위로 운영해 답변하나받으려면 반나절기다려야되고 뭐하나 재대로 답변해주는것도없고 ㅎ ㅏ진짜개화나는 어플이네노답 다신안씀,
쏘니,1,2021-02-02,0,"1년 지난 리뷰 삭제했는데 바로 차감되더라고요 브랜디는 안 그러는데 쿠폰도 요즘 들어 많이 주는데 전에는 쿠폰도 되게 적게 주셔서 포인트로만 했는데 이걸 다 차감되버렸네요 3,000 포인트에서 140 포인트 ㅎㅎ 브랜디만 이용합니다",
릭홇,1,2021-02-03,1,아니 업뎃하고 서버 왜이래요 ㅡㅡ 오늘 옷 시켰는데 망하게생겼네;; 인터넷 잘연결됐는데 왜자꾸이러는거에요 빨리 좀 고쳐주세요...이건아니죠,
S E N G U N,1,2021-02-09,2,서버가 터진건지 모르겠는데 계속 로딩만 뜨고 와이파이 상태는 좋은데 자꾸 로딩뜨네요;; 최적화 해주세요,
132,1,2021-03-04,0,절대쓰지마세요 배송 개느립니다 2월6일날 주문해놓은거 3월4일이되도 배송중인데 송장번호조회하면 아무상태도안뜸 장난하나 전화도안받고 ㅋㅋㅋ,
최연준,1,2021-02-17,2,미치겠습니다 진짜 문의 넣을 때가 제일 답답해요 전화 문자 메일 다 소용없습니다 다 안 받고요 진짜 너무 짜증 나서 리뷰 씁니다 ㅠㅠㅠ 지금 너무 어이없어서 말이 안 나와요 ㅠㅠ,
박영준,1,2021-03-03,0,가잊할라는데 인증번호가 안옴 개구데기앱 그리고 고객센터 맨날 상담사 연결안됨ㅋㅋ 그리고 대기도 아니고 통화종료 지들이 시키는데 걍 전화받는 상담사없는데 유령전화 돌리는거같음ㅇㅇ 구라만치는 개구데기 회사,
하린,1,2021-02-16,1,구매할때 포인트 썼다가 구매 취소 했는데 알림에는 포인트가 반환 됐다고 뜨는데 포인트 보면 봔환된 포인트가 없네요,
존대하지않는 계정입니다,1,2021-04-02,1,자꾸 결제가 됬다면서 안되서 할인쿠폰도 그냥 날라가 버리고 사지도 못하고 이게 뭔가요....;,
Family Love,1,2021-02-08,0,주문했는데 며칠이 지나도 판매자도 전화안받고 질문글 몇번을 올려고 답없고.. 답답해서 에이블리에 문의했는데도 답없고 전화번호는 찾을수없고..,
신영,1,2021-02-01,0,아 제발 제 반품금좀 주세요 제발..이때까지 반품한 옷들 반품금 받은적 한번도 없습니다.. 고객센터 문의했더니 에이블리에 전화 해보랍니다..제가 이렇게 힘들게 반품금을 받아야하나요?,
현랑,1,2021-03-02,0,고객센터 연락 상담원이 다 통화중이라면서 며칠째안돼고 카톡문의 하라고 하면서 마켓이랑 에이블리 고객센터 둘다 문의하면 대답도 없고 상품은 5일째 발송조차 안하고 있고 뭐하는건지 모르겠네요 그냥 결제시켰으면 알바아니고 그만인가요?,
리바이,1,2021-02-11,1,배송도 이상하고 천원 쿠폰은 왜주시는건지 천원으로 살수있는거 없고 모아서 사는것도 안돼고 그냥 할인해서 물건 사라 이말인듯하고 요즘 에이블리 이상해요 ㅠ,
공알못북극곰,1,2021-02-18,0,이번 빅페스타 진짜 너무 실망이네요....12만원 구매시 만 이천원 할인쿠폰...혹시 마지막 날에 뭔가 달라질까 오매불망 기다리다 달라지는거 없어서 큰맘먹고 질렀습니다...근데 이벤트도 끝났는데 갑자기 앵콜이랍시고 10만원 구매시 2만원 할인...ㅋㅋ...이건 뭐 가지고 노는것도 아니고 진짜 어이가 없어서ㅋㅋㅋ사람 기분을 이렇게 더럽게 만들 수 있구나 싶네요ㅋㅋㅋㅋㅋ에이블리에서 이벤트 참여 하실거면 꼬옥 이벤트 다 끝날때까지 기다리다 지르세요^^안그럼 제꼴 납니다!절친한테 배신 당했을 때도 기분이 이르케 드럽진 않았는데 하하!전 그냥 앞으로 이벤트 참여 안하려구요^^,
서한뎅,1,2021-03-27,1,일단 대체적으로 너무 비싸야요 그리고 무엇보다 안좋은 점은 폰케를 살려하면 예쁜건 아이폰 밖에 없네요. 별1개도 솔직히 아까워요,
모태솔로,1,2021-02-02,0,입력창을 아무리 클릭해도 가상키보드가 뜨질 않습니다... 그래서 구매를 할수가 없어요,
이가영,1,2021-03-05,0,어플쓴지 오래됬지만 뜬금없이 갑자기 품절이라고 재고없다고 취소시키는게 여러번되네요ㅡㅡ,
ᄅᄋ,1,2021-02-19,0,주문취소가 자꾸 되네요 그리고 1000원 쿠폰으로 살수 있는게 잘 없어요 14개를 주문했는데 그중에 3개만 올까말까 해요 비추입니다,
Google 사용자,1,2021-05-03,0,렉이 진짜 요즘 매일 걸려요 ㅡㅡ,
히히힣,1,2021-02-19,0,아니 뭐죠; 머리삔 하나 시켰는데 왜 안오는지? 지금 일주일 넘게 기다리고 있어요;; 그것도 상품 준비중이라 뜨는건 커녕 결제완료라고만 뜨구요 카톡 채팅도 불가능해서 답답하네요 채팅도 못하고 상품도 소식없고 뭐 어쩌라는건데요 소식은 좀 해줬으면 하네요 머리삔 오면 이앱 바로 지우고 다시는 안쓸거 같아요. 제발 답장좀 해주세요. 계속 안오면 리뷰 다시 달거에요,
최에옹이,1,2021-01-22,3,별하나도 아까워요 유멜*아에서 실밥이 여기저기 뭉텅이러 발견되었는데 절대 환불안되고 단순변심으로 제가 택배비까지 물어내래여 사진못올리는게 너무 아쉬워요 진짜 개심하거든여 여러분 에이블리에서 절대 사지마세여 문제있어도 어떡해든 자기들 손해안볼려고 발악함 냄새나고 물빠지고 시장에서 사는게 더 환불잘해줄듯;;,
안녕,1,2021-03-30,1,아무래도 이건 너무 차별입니다 삼성유저들 절대 깔지마세요 폰케 중복제외하고 20개정도밖에없음 근데 ⅓은 버즈케이스라고,
오리,1,2021-04-24,0,편의점 결제할때 편의점 목록에 이마트24도 넣어주세요 ㅠㅠ 집앞에 있는데도 사용을 못하는결과....,
쑤민,1,2021-02-17,0,등급 오ㅑ 안올라가나요 구매를 계속해도 제일 나래 등급.. 15만원은 훌쩍끔 ;;,
mikael Kim,1,2021-05-05,0,인증번호 발송 계속 실패할거면 왜 가입하라는거냐 그지같은,
강깡,1,2021-02-03,1,서버상태 좋지않다고 뜨면서 물건이 하나도 안뜸... 물건 팔 생각이 없는 앱.,
이옥경,1,2021-04-17,0,도대체 가입하기에서 추천번호를 적어야되는데 추천번호가없는사람은 어떻게적냐구요,
Eun Lee,1,2021-02-19,0,무슨 시키는옷마다 품절이고 열개를 주문하면 받을수 있는건 세네개 밖에 안돼요 아무리 일대일 오더라지만 너무한 쇼핑몰들이 많네요,
이연주,1,2021-03-25,30,구매하고 배송지연 일주일 기다렸더니 품절이라고 맘대로 취소^^^쿠폰 썻는데 자기들이 재고 처리 똑바로 못해놔서 주문 들어간건데 쿠폰은 돌려줄수없다함 그럼 품절 됫으면 제대로 관리좀요 어휴,
소지Sozi 総司,1,2021-04-27,0,어쩜이리 접속이 느릴까요 욕적을뻔한거 간신히 참아냈습니다,
서응,1,2021-02-15,1,별 1개도 아깝네요 하... 입금 잘못해서 다시 해달라고 문의 해도 안보고요 전화도 안받고 카톡도 다 안보네요 그러다 입금 안됐다고 주문취소나 돼고.....,
오보라,1,2021-05-05,0,태백을 기다리는대 너무 힘드려요 기다리면 3일이나걸려서요 1일이네 온다고해서 2일까지는 버티만해는대 내일은 언니생일이라서 내일도 물건이 안오면 화가나게죠 내일 부디 물건이 와이길를,
채빈,1,2021-02-17,0,배송이 너무 느리고 주문취소하면 쿠폰 안돌려줌 ;;,
해리,1,2021-02-18,0,아니ㅋㅋ 주문실수를해서 주문취소를했는데 입금을 안해주시네요 1~3일 걸린다 했는데 4일쯤? 지났네요 문제있네요,
ᄝᅀ?,1,2021-05-11,0,좋은 리뷰 다는 사람이 잘 이해가 가지않음,
07수빈,1,2021-02-17,0,전화번호를 7번이나 다시 적었는데 인증번호가 안와서 지금 계속 가입도 못하고 구매도 못하고 있습니다.. 어떻해 해주세요..예쁜옷은 많은데 찜에도 5개밖에 못담아서 이름을 외워서검색하는게 유일하게 찾는거라..좀 처리 해주세요..,
푸푸,1,2021-04-17,0,츄리닝사려고 순위젤높은쇼핑어플 다운받았는데 번호 인증 계속 실패해서 다른어플로 삼,
뿌빠,1,2021-04-02,2,며칠 전부터 인터넷 환경이 불안정하다면서 켜지질 않네요... 봄옷 살 시즌인데 어플이 안 되니 뭐.....ㅋㅋㅋㅋ,
오나경,1,2021-03-22,1,지금 며칠째 오류 땜에 앱을 사용 못하고 있어요ㅠㅠ 사고싶었던 것들도 계속 못사는 중,
19고은서,1,2021-01-22,2,주문취소 됐는데 포인트를 환급안해주네요..ㅋㅋ,
문시아,1,2021-05-01,0,50만원 넘게 썼는데 계속 family 라네요 빨리 vip plus 로 바뀔 수 있게 해주세요,
soyoun소연,1,2021-04-29,0,오는거 진짜 늦게온다 예정일이 화요일이었는데 금요일에도 올까말까래 좀 빨리 보내주면 안돼는건가 ;;,
정줘리,1,2021-05-24,0,입점 사용자한테는 개 똥같은 시스템ㅋㅋ개발관리도 개똥같이 되어있고 사진조절 개똥임 그냥 관리자들 개발자들 머리에 똥만 가득해보임ㅎㅎ,
쥬쿙,1,2021-03-07,0,"제발 제발 제발 폰 차별 하지 말라고;; 아이폰만 예쁜거 잔득 갤럭시랑 엘지는 어떡하라고,,, 갤럭시는 많다고 처도 엘지 제발 제발 제발... 엘지 좀 많이 넣어 달라구요,,, 1개도 아까워요..",
???,1,2021-04-16,0,틱톡이랑 콜라보한거 무제한 룰렛이라며 근데 다른 코드 입력해도 이미 한거라 뜨냐,
김서 연,1,2021-02-17,0,갑자기 10만원 구매한게 2틀뒤에 취소됬어요. 그리고선 카톡도않보네요. 에이블리 카톡 일하는사람들 왜이렇게 말하는게 불편하죠? 짜증내잖아요 계속 첨에 물어본거가지고 진짜 ㅋㅋㅋ 웃기네 그냥. 돈도 않돌려주시면어떻해요.? 단순변심? 갑자기? 돈이나 빨리 돌려주세요 빡도니까,
세심아 세심해,1,2021-02-24,0,제가 폰 LGx4+ 쓰는데 이 폰케이스가 없어요.. 왜 다 아이폰케이스 밖에 없죠...;;,
한정훈,1,2021-04-29,0,이거 가입 할려고 하는데 휴대폰인증번호가 안와요 ㅠㅠ,
킴뉴뉴,1,2021-01-28,1,서비스 구리고 이상한 판매자들 있음. 에이블리측에서 문제있는 판매자들 제대로 관리 안함,
미쭈꾸,1,2021-06-25,0,오류나요 계속,
LS W,1,2021-04-19,0,옷 카테고리 구분과 필토가 넘 불편,
최수연,1,2021-03-01,0,분명 등급이 VIP였는데 갑자기 10만원 휙 날라가고 등급이 내려갔네요..,
완전귀여운사람,1,2021-03-21,0,있자나여... 부산은행쓰는데 부산은행만 없어서 못사고있어여..!! 추가해주면 좋겠는데 안돼면말구.. 추가못해줘도 답은 꼭해주세요 의견듣고싶어여!!!,
aniway애니웨이,1,2021-04-06,0,포인크주기싫은가 사진넣으면 오류떠서 리뷰를 못쓰고 글만써짐.,
유림,1,2021-02-23,0,헠ㅋㅋ 진짜 쿠폰으로 고문하능것도ㅜ아니궄ㅋㅋ 아니 네스티팬시클럽 쿠폰와서 사용하려고 열심히 골라는데 안돼욬ㅌㅌㅋㅋ 그리고 마켓 등 다 검색 해도 안나옴 보다가 기분 개잡침 ㅋㅋ 난 별로 별1가 제일 맞음,
박윤희,1,2021-04-05,1,갑자기 연결할수없다고 어플이안들어가져요,
서옹SEONG,1,2021-02-03,42,에이블리 갑자기 오류 뜨고 난린데 왜 그런거죠 ?,
Hyunjung Yang,1,2021-05-09,0,왜 가입이 안되나요?제품 구매 하고싶은데 못사고 있어요,
Minjung Suh,1,2021-05-06,0,핸드폰번호 인증이 안되요 가입이 안되네요 ㅠ,
윤디,1,2021-03-22,0,"10대만을 위한 쇼핑 어플, 판매자와 구매자 모두가 동등해야 되는데 여긴 구매자 위주인 어플, 구매자후기에 판매자가 답변을 달 수 있게 되어 있으면 좋을 것 같음, 구매자가 반품을 했는데 상품후기를 적을 수 있는 시스템을 적용 시킨 건 누가 만든거고 누구의 아이디어인지 정말 궁금함, 구매자가 반품했는데 후기를 적을 수 있게 해놓은 이유가 뭐죠?ㅋㅋ어떤 상품을 판매하는 건 판매자가 결정하는 일이라 그것에 따른 책임도 판매자한테 있지만 어떤 상품을 구매할 때 구매자가 결제 전에 어떤 재질인지 꼼꼼히 확인하고 구매해야 한다고 생각함, 옷 퀄리티 따질거면 브랜드 옷 사입어야함, 가격이 저렴하여 구매해놓고 상품재질을 따지는 건 아니라고 봄, 이걸 누가 읽고 어떻게 생각할 진 모르겠지만 따질 거 다 따져대면서 저렴한 상품을 찾는다는 것부터가 앞뒤 맞지 않아서 적습니다. 옷 퀼리티가 좋길 바란다면 그 퀄리티에 맞는 옷을 찾아서 구매해야되는 게 맞지 않나요?",
김누리,1,2021-02-17,0,평균 배송 시간 하루 이런거 쌉구라임 거의 최소 2주는 잡고 기다려야함,
seo연,1,2021-02-18,0,너무 안옴 기본 일주일 넘어서 오고 레알로 급해서 월욜에 주문했는데 다음주 화욜에 왔음,
민혜,1,2021-05-19,1,삼성폰케이스를 치면 거이다 아이폰만 나오네요,
김하나름,1,2021-05-25,0,사이즈가 작은게 없어서 좀 실망이네요...,
세호,1,2021-02-25,0,ㅋㅋㅋ여기서 사기당했나 3주째 배송은 안오고 문의 넣어도 안 보고,
lil _potato,1,2021-02-25,0,창을닫으면 모든게 새로고침이 되네요 뭐죠,
무야호,1,2021-02-14,1,환불 진짜..개빡치네요,
강용주,1,2021-06-07,0,폰바꾸고서 앱이 안깔려요.,
이서연,1,2021-02-03,2,갑자기 서버터지고 왜이래요?,
김시안,1,2021-03-28,1,"아니.. 이게 뭔가요..? 친구생일선물을 에이블리에서 곱창머리끈을 시켰어요. 근데 선물을 시키고 2주일 동안 안와서 에이블리 배송시킨곳에 문자를 했어요. 근데 답장도 안해주시더리구요.. 그리고 1달이 지났는데도 안오고 계속 배송중이라고 뜨는거에요. 문자도 안읽고 짜증나서 배송취소시키려고 했는데 배송중이라서 취소할수도 없대요.. 어쩔수 없이 좀 더 기다려보기로했어요. 한달하고 일주일 지났을때 너무 짜증나서 문자를 다시 했어요. 그때는 문자를 보고 답장을 해줬어요. 근데 더 짜증나고 화가나는건 한참동안 연락을 안주다가 갑자기 배송시킨게 분실됬다고 하더라고요...;; 진짜 어이가없었어요. 환불해준다고는 했는데 친구생일이 한침지나서.. ㅎ,.....,,,,,,,, 이 리뷰가 도움되셨음 해요.. 제가 시킨대만 불친절 한건가 ㅋㅋ.. 별 한개도 진짜 아까워요;;",
토끼,1,2021-02-04,0,주문취소했는데 몇달채 돈이 안들어옴,
하투젤리,1,2021-02-21,0,제가 입금자명을 실수로 엄마껄로 해서 31만원 질렀는데 주문취소 되서요..제..돈 어떻게해요???? 돌려주세요!!!! 거래명세표도 있어요!!!,
Guri Sol,1,2021-05-30,0,리뷰 사진 쇼핑몰 사진으로 올리는 리뷰거지들 잡지도 않고 문의 해보니까 잡고 있다는데 옛날에 산 옷들 리뷰 봐도 전혀 안 잡는듯.. 인력 들어가니까 그런거겠죠? 아님 신고 기능이라도 두던가.. 무신사 좀 본받으세요. 옷 산 거 바로 취소도 안되고 다음 날에 취소할 수 있어서 그 사이에 발송되면 취소도 안됨. 일부러 취소 과정 번거롭게 해서 못 취소하게 만드려고 하는 거 뻔히 보임.. 쇼핑몰들 배송 엄청 느리고.. 평균 3일 이상 이렇게 써있으면 그냥 무조건 2~3주는 걸린다고 봐야함. 배송 지연만 몇 번인지.. 그리고 별점식이 아니라 만족 아님 불만족이라 리뷰 확인 하는 것도 불편함.,
박성훈 사랑해,1,2021-02-17,8,고객센터 그지같네 3시쯤에 문의했는데 5시 넘어서도 답을 안해주네요. 하,
정재현,1,2021-02-02,0,이벤트 할거면 조건을 제대로 명시하던가ㅋㅋ 이게 뭐임 무책임하네ㅉ 응 다시는 에이블리 안써,
신지은,1,2021-05-14,0,애초에 가입해본적도 없는 에이블리.신규가입인데 핸드폰인증번호가 안온다. 가입되어잇다고 아이디 찾기해보니 이메일주소가 내께 아니다 이전 사용자의 영문이름메일.무튼 가입되어있는?번호라고 가입이 안된다는 거지같은 경우는 지금 처음겪었다 이런 어설픈걸 2천만이쓴다고?어떻게? 별점아깝다,
장승환,1,2021-05-20,0,옷 주문하고 확인해보니까 갑자기 주문취소 됬다고 뜨길래 잔액 확인해보니까 잔액복구도 안 되어있고 ;;; 배송은 또 왜 이래 느린건지 알 수가 없네요 ㅎ ^^ 이럴거면 앱을 왜 만들었냐 도대체 뭐하는 짓인지 고객 돈이나 뜯어먹는 하이에나 아닌가 싶다 ㄹㅇㅋㅋ,
오욘,1,2021-04-10,0,좋은것도 있으나 리뷰 안 보시면 망합니다. 진짜로 무등 하나 샀는데 며칠만에 고장나고요. 고객센터도 몇날 며칠 오래 걸리고요. 택배도 금방 오지도 않아요 오래 걸려서 기다려야 함. 진짜 별 하나도 아깝네요,
이예송,1,2021-03-20,0,데이터켜도 와이파이켜도 앱이안들어가져요,
진성,1,2021-05-15,0,주소입력이 안돼요ㅠㅠ,
수박,1,2021-05-10,0,"상품도 하루만에 온다면서 3일뒤에 배송됬고,상품 이미지랑 너무 달라서 다시 반품할 예정이예요 다른 상품들은 어떨지 모르겠지만 대부분 이미지와는 많이 다른것으로 알고 있습니다;",
이희주,1,2021-04-07,0,자꾸 추천에 바퀴벌레 인형뜨는거 그거 진짜 개싫은데 일부로 그렇게 하신거예요...? 옷 고르다가 가위걸릴일 있나요.... 앱에서 논란이 될 만한 상품들 미리 검열 좀 해주세요 저런 걸 누가 산다고....,
ANNE앤,1,2021-06-01,0,짜증나는앱. 무조건회원가입????,
뚜밥뚜와리,1,2021-01-20,9,"길지만 읽어주세요. 이 앱 구려요. 에이블리 떨샵에서 복슬 털 극세사 똑딱이 어께 무릎 담요 샀음. 주문완료 하고 2~3일 정도 기다렸는데 갑자기 그 샵에서 문자가 오더니 품절 됐다고 환불처리 한댔음. 그리고 앱 들어가 보니까 취소 진행중 이였음. 제고가 들어올 때까지 기다렸다가 주는게 아니라 그냥 맘대로 환불처리 한다고 했음. 뭔가 기분 나빴음. 이미 다 주문을 한 상태에서 이런 문자를 받은것이 황당하고 어이없었음. 아니, 품절로 해 두던가; 쿠폰 사용해서 할인 받아, 싸게 구매해서 기분 좋았는데 이게 뭐야;; 할인 받은 만큼은 빼고 환불해 주던데 그거엔 불만이 없음. 근데 그 할인 받으려고 산 거라고;;;; 이럴거면 그 담요 살 바에 다른거 샀지;; 그냥 그러려니 하고 있긴 하지만 손해본거 짜증나네.첫 주문부터 이래서야;; 다시 이용하기 꺼려짐. 지금 그 담요 보니까 판매가 종료 됐다고 나오는데 제대로 확인하고 파세요. 그리고 품절 관리도 제대로 하시고요.",
김민주,1,2021-04-07,0,앱이 갑자기 아침부터 안켜지는데요,
리프링글스,1,2021-05-14,0,남자들만에젠틀블리만들어주세요,
최인향,1,2021-03-15,0,앱 실행 안되는데 빨리 해결좀,
져니,1,2021-01-13,3,"수량을 잘못선택해서 주문했는데 확인즉시 판매자에게 연락했더니 반품처리가 된다해놓고는 뒤늦게 에이블리 정책상 하나만 반품처리는 불가하다하고 고객센터에 연락했더니 똑같은 말만 되풀이하고 판매자에게 연락하라고 책임을 돌려버리시네요. 지금까지 모바일로 옷구매하며 안내내역을 못받아본게 없는데 환불,교환처리에 관한 설명내역도 동봉하지 않고 옷상세내역에 적혀있다하더니 담겨온 비닐이 없으면 반품되지 않는다는 설명도 없네요. 분명 상세설명에는 cj택배를 이용한다더니 배송은 롯데로 왔죠?뭐하나 제대로된 설명도 없는데 뭘 팔겠다는건가요.쓰레기통 뒤져가며 비닐찾아 구매했던 제품싹 반품하고 탈퇴합니다.에이블리 다신 안써요.고객을 호구로 아는건지 참",
김미래,1,2021-04-08,0,"진짜 별로입니다.지×그x그 ,브x디 ,등 많은 쇼핑몰이 있는데 최악입니다. 직원이갑이고 소비자는 을임.",
박혜수,1,2021-03-13,0,어플실행안되어서 삭제했다가 재설치중,
아토ATTO,1,2021-01-23,1,"정말 별 한 개도 아까워요; 진짜 개같아요 마켓에서는 잘못 확인한건지 맘대로 취소처리해버리고; 환불 처리 제대로 해주지도 않을 망정 입금이 확인되지도 않았다고 하고 마켓에 문의하니 에이블리에 문의하라 하고 에이블리에 문의하니 마켓에 문의하라 하고; 물건 가격도 다른데서 사는 게 훨씬 싸구요 그리고 결제 확인 여부를 회사 측에서 직접 확인해야지 구매자한테 확인하라하고 만약에 어리신 카드나 계좌 없으신 분들, 편의점 결제로 하시려고 하시는거면 센드라는 어플 다운하셔서 CU에서 충전하시고 다른 곳에 무통장입금하세요 ;; 서비스는 진짜 엉망이구요 서로 미룰려고만 하고; 품질도 구려요",
lol llool,1,2021-05-09,0,가입을 하려고 하는데 전화번호를 임력하고 인증번호 버튼을 누르면 인증번호 발송에 실패하셨습니다 이렇게 뜨죠;;;,
tj c,1,2021-02-22,0,배송이 너무 느려요,
표고,1,2021-02-25,0,기본적으로 2주정도 예상해야될듯 ㅎ 주문하면 다 품절이다~ 담주입고된다~ 10개시키면 10개 다 품절지연~~ 품절이면 적어놔주면 좋겠네요 안적힌것만 구매했는데 다음날 오는톡은 품절지연~~ 7일 여유잡고 시켰는데.. 제가운이 없는 걸수도 있어요,
행복,1,2021-01-07,232,주변에 에이블리 추천하고 싶지 않아요!! 고객센터는 무늬만 고객센터입니다. 업체측 잘못으로 인한 반품 및 환불은 고객의 실수로 돌리고 에이블리는 절대 고객편이 되어 주지 않습니다. 아이러니하게도 마켓 우선이더군요. 현대사회는 소비자 중심경영인데...역행을 하고 있으니 앞으로 에이블리가 어찌 될지 안타까울 뿐입니다. 고객의 입장에서 생각하는 회사가 되기를 바랍니다.,
뇽영뇽,1,2021-03-10,0,"에이블리에서 구매하실분들은 봐주세요 일단 단점부터 말씀해드리자면, 첫번째는 배송이 느리다는 건데 평균적으로는 2일 3일정도 걸리지만 요즘들어 배송이 4일이상 내로 오는곳도 있고 특히 배송지연이 많이 되더라고요;; 많이 기다렸는데 이럴꺼면 미리 말해주시던가 2주나 지나서 배송지연... 그번째는 마감처리가 너무 엉망이라는 건데 실밥처리 등등이 덜 되어있구 또 가성비도 가격에 비해 떨어지는 것같아요 양말이나 소품같은건 나름 괜찮은데 에이블리에서 사는 옷들은 전부다 실패하는것 같아요 ㅠ 저 같으면 조금 더 큰돈 들이고 다른대에서 살것 같네요...",
박서현,1,2021-03-10,0,제발 없는옷은 판매못하게 해주세요 구입하고 몇일후에나 못구한다고 강제취소해버리네요,
포돌 TV포동,1,2021-01-11,1,저랑 친한언니가 물건을 보내준다고 했어요 주소를 지도로 봤고 있는곳 까지 다 일치했어요 근데 그물건이 도착했데서 나가보니깐 택배는 없고 1층에 내려가도 아무데도 없었어요 이게 뭐죠? 저는 편지사물함도 봤지만 아무것도 없었습니다...배송하는데 오차가 생긴거 같아서 물건을 살려고할때마다 또 잘못올까봐 무섭네요 ㅎㄷㄷ...,
캐럿,1,2021-03-03,0,무료배송이라고 광고하면서 제주도는 각각 3000원씩 붙는 이경우는 대체 뭐일까요........,
예령,1,2021-02-03,2,에이블리 서버가 안좋네요 왜 안 좋은거죠? 빠른 답변 기다리겠습니다,
연,1,2021-04-29,0,문의했는데 답변이 24시간 이상 걸리고 배송도 3일 넘게 소식이 없어서 취소 해버렸더니 그제서야 답변 옴 근데 답변도 불친절해서 탈퇴해버림 쇼핑몰 어플 많이 써봤는데 여기가 제일 최악,
이땡,1,2021-05-09,0,무슨 가입을 하지 말라는건가요? 아니 인증을 해야하는데 인증실패라고 뜨고 지웠다 깔아서 해도 인증실패라고 뜨고 이건 이앱을 쓰지말라는건가요..?,
오이,1,2021-05-25,0,고객센터 정말 불친절 같은 얘기 반복해서 말함 전화번호는 다른 계정이 있다고 하는데 비번을 치려고하면 없는 아이디란다.완전별로임,
김예진,1,2021-03-01,0,품절 된 거 품절됐다 안 올려서 주문하고 입금까지 완료했는데 주문 취소 됐으면 환불처리리도 제대로 해주셔야 하는데 매번 환불처리가 안 돼서 전화해서 환불 받아야하고 통화는 또 상담원 맨날 다 통화중이라 열 통 넘게 해야 받고 환불 처리 좀 제대로 해주세요,
bear Winter,1,2021-02-20,0,"좋긴한데 최근들어 무통장입금으로 입금을 하는데 계속 입금확인이 안되서 오늘입금하면 내일 받을수 있는걸 5일정도 기달려야하네요,, 그리고 문의를 넣어도 답변이 없네요ㅠ",
사랑하신,1,2021-03-14,0,아니 로그인하려고 이메일 입력하면 없는 이메일이라하고 그 이메일로 가입하려고 하면 가입된 이메일이라하고ㅡㅡ 도대체 어쩌라는건가요? 간만에 들어가보려 들아왔는데 짜증나네요ㅡㅡ,
ᄒᄒᄒ,1,2021-01-29,1,다른 리뷰에도 나왔는데 피스마이너스원 짭이 왜 있는지 그것도 상위권에; (아예 없어야 되지만) 지디팬으로서 정말 화나더라고요 데이지에 8시방향으로 꽃잎 하나 떨어져 있는 것. 그냥 로고가 똑같아요. 이런거 막아야 하는거 아녜요? +폰케이스 같은거 보면 아예 똑같은데요? 피스마이너스원이라고 글자 적혀 있는거에 줄 그어져 있는데 플라워마이너스원인가 하고 줄 그어져 있고 참. 짭은 막아야 되잖아요,
맛있는꿀집,1,2021-01-15,6,별 하나 주기도 아깝습니다. 저도 처음 들어가 봤는데 가격은 비싼 후진것들만 있고 야한사진들이 너무 많습니다. 이앱 빨리 제거해 주세요,
레몬홍챠,1,2021-01-14,2,첫가입혜택 좋은거 같아서 둘러보고 회원가입 했더니 갑자기 혜택 당장 빨리 안쓰면 사라진다함... 재가입 했더니 재가입자라고 안줌.. 쿠폰이 사라지듯 물건 살 마음도 사라짐.. 어플도 내 폰에서 지움.. bye..☆,
ᄒᄋ,1,2021-06-22,0,잘 쓰다가 갑자기 작동이 안되고 삭제했다 깔아도 똑같네요,
정인서,1,2021-02-22,0,금요일에 입금했는데 입금 확인문자가 안떠서 계속 기다리다가 결국 문의를 함 근데 주말에는 쉰데 그래서 월요일 지금까지 (결국 주문 취소됨)기다렸다가 문의를 했지 22일부터24일까지 쉰데 카톡으로 문의 하려니까 체팅이불가능해 게다가 에이블리 자체제공 문의하기는 에이블리에 문의할수있는게 아니라 내가 산 쇼핑몰에만 문의 할수있데 내가산 쇼핑몰에 오늘 전화해보니까 자기 소견이 아니래 에이블리 소견이래! 근데 에이블리에서는 전화도 안돼 카톡도안돼 결국 에이블리한테 메일로보냈지 난 곧 그제품이 필요한데 ! 에이블리 고객센터 내꺼만 처리해주고 쉬러가ㅠㅠ 필요한거라고 그그 뭐냐 미입금 확인 게시판 그거 확인좀해서 다시 주문좀해서그돈그데로 먹고 빨리 배송좀하게 해줘 메일보다 이거에 답장빨리 오는거 아니지?,
쫄순,1,2021-03-11,0,배송도 넘 늦게오고 포장상태도 비닐 찢어지고 실제사이즈랑 다르게 굉장히 큰거 오고 재질도 난리도 아니네요 여러 쇼핑몰을 거쳐봤지만 에이블리는 좋은 쇼핑몰은 아닌듯해요,
Google 사용자,1,2019-03-12,10,무료배송이라는 점은 참 좋아요. 다른 쇼핑앱에 비해 보기도편하구요. 그런데 배송이 어마어마하게 오래걸려요. 상품준비중만 12일째ㅋㅋㄱㄱ근데 일주일 더 지연된다네요. 10일후에 재고없는걸 아신건가요? 살면서 배송이 4일이 최대 오래걸린거였는데 12일넘게 기다려보네요. 일주일추가되서 걍 옷을 한달후에 받게생겼어요. 이제와서 주문취소하는것도 아깝고......웃음만 나오네요~^ 에이블리 일 제대로 안하시나봐요?ㅎ 에이블리담당자님은 쇼핑했더니 옷이 한달후에 오면 기분이 어떠실것같아요? 봄옷 주문했는데 내년 봄에 입게생겼어용!^^ 배송오래걸린다길래 일주일이면 충분하겠지 생각했는데 우왕 상품배송준비중만 2주면 택배오는거 포함해서 거의 3주후에 옷을 받는거잖아요? 진짜 역대급이네요!! 살면서 이런경험을 에이블리에서 다해보네용! 해외배송이 이보단 빠르겠어요~! 3곳 다 다른마켓인데 3곳다 10일넘게 안오네요.. 어떻게 이럴수가있죠? 이정도면 실을 뽑고 옷만들기 시작하는수준 아닌가요?ㅋㅋㅋ,"ABLY Corp., Inc.2019년 3월 14일안녕하세요 고객님, 먼저 이용에 불편을 드려 대단히 죄송합니다. 일부 마켓 상품의 경우 주문이 급격히 증가하여 배송이 지연되거나 해당 거래처의 사정으로 인해 갑자기 품절 되는 경우가 있습니다. 다시 한번 진심으로 죄송하다는 말씀드리며 다음부터는 고객님께서 더 만족하실 수 있도록 더욱 노력하겠습니다. 감사합니다."
ᄃᄋ,1,2021-07-04,0,인증번호가 안오네요.,
우유푸딩hy,1,2021-04-27,0,사이즈를 맞아준다고 하는데 키를 많이 줄이니 이상한건만 나오고 검색한옷은 안나오네요,
서혜민,1,2020-10-21,1,"옷도 나름 나쁘지않고, 기능들이나 무료배송 다 좋은데...걍 배송비 주고, 빨리 받는게 좋은거같아요... 성격이 급하다고 하기엔 배송기간도 거의 4-5일, 늦으면 1주일정도고, 반품처리하는데도 1주일걸리고, 반품처리완료가 되고, 환불금액 들어오는데 1주일... 물건 하나가지고 거의 3주가까이 속터지고 혈압올라서; 기다리다못해 택배사까지 찾아갔습니다;; 휴...",
A Young Go,1,2021-01-12,7,"검색하면 좀 관련 상품만 나왔으면 좋겟음 광고 뜨는것도 그 가격대 하나도 없어 졸라 과대광고의 표본 가끔보면 신고하고 싶어짐,,",
박지현,1,2021-06-05,0,앱이 열리지가 않아요,
아잉,1,2021-05-02,0,에이블리 앱 자체는 정말 좋지만 체크카드 결제 기능이 추가됐으면 좋겠어요.. 🥺🥺,
Google 사용자,1,2020-01-17,7,에이블리를 사용하지 말아야하는 이유 1. 적립금 10%사용하도록 바꿈( 원래는 전액사용가능이었음) 2. 품절된 상품이 품절되었다는 표시없이 에이블리에 올라와있음(난 모르고 품절상품을구매했다가 12일동안 환불도 못받고 있음) 3. 입금여부도 확인하지 않고 주문을 취소함.(이건 진짜 어이없는 일. 일을 아예 안하나봄) 4. 구매자에게 상품에 대한 연락이 전혀 오지 않음. (내가 품절상품을 샀는데 10일째 되는날 내 구매내역에 들어가서 취소가 되었다는것을 알음. 정말 언급이 아무것도 없었음),"ABLY Corp., Inc.2018년 11월 26일안녕하세요 고객님 우선 에이블리를 이용하는 데 있어 불편함을 느끼게 해드려 죄송합니다.  일부 마켓 상품의 경우 주문 폭주로 인해 배송이 지연될 수 있고, 거래처 사정으로 인해 갑자기 품절되는 경우가 있습니다. 이 부분에 있어서 진심으로 죄송합니다.  다시 한번 진심으로 죄송하다는 말씀드리며 다음부터는 고객님께서 더 만족하실 수 있는 서비스로 다가가도록 하겠습니다. 감사합니다 :)"
0 stand,1,2019-06-11,4,"배송 진짜 너무 느려요.. 주문한지 일주일도 넘었는데 아직도 상품준비중이라 뜨고 전화해봤더니 주문이 밀려서 화요일에 배송한다고 했는데 그걸 문자나 토긍로 공지해줘야되는거 아닌가요? 공지 1도 없고 전화를 해야 알려주는 당황스런 경우,, 그리고 같은 상품을 배송지가 달라서 따로따로 주문했는데 1개는 배송준비중이고 1개는 상품준비중이면 어쩌자는거죠..? 화요일에 일괄 배송한다고 했으면 둘다 배송이돼야되는게 정상 아닌가요? 왜 하나는 되고 하나는 안되는데요,, 전상품 무료배송이라 좋은데 다양한 상품있어서 좋은데 심지어 이번에 주문을 좀 많이 해서 vip까지 됐는데 배송이 진짜 최대의 흠,, 아무리 안좋아도 한국에서는 배송이 빨라야 되는데 이건 뭐,,이번꺼 배송 끝나면 지울 생각인데 많은 사람들이 배송 느린걸 알았으면 좋겠다는 생각에 글 쓰네요.","ABLY Corp., Inc.2019년 6월 13일안녕하세요, 고객님. 배송 처리에 있어 기분이 많이 상하셨을 것 같아 정말 죄송합니다. 고객님께서 말씀해주신 것처럼 배송 부분에 있어 더 편리하게 이용하실 수 있도록 적극 수정, 발전해 나가는 에이블리가 되겠습니다. 다시 한번 정말 죄송합니다. 감사합니다."
햄치즈,1,2019-12-25,1,최악입니다.무료배송에 혹해서 설치했는데 옷품질이 너무떨어집니다. 반품했더니 반품거절하고 이런경우첨이라 황당하네요. 에이블리는 직접판매자가 아니라 뒤로쏙빠지고. 무료배송이라도 반품하려면 옷하나당 5천원씩이고. (판매자가 다 달라서) 어쩌다 이런데 낚여가지고 신경쓸일만 생기고 후회막심입니다..,"ABLY Corp., Inc.2019년 12월 27일안녕하세요 고객님, 실망시켜 드려 대단히 죄송합니다.  support@a-bly.com 으로 주문번호를 보내주시면 확인 후 조치하도록 하겠습니다.  늘 고객님들께 더 좋은 서비스를 제공해 드리기 위해 노력하고 있으니 양해 부탁드리겠습니다. 앞으로 고객님께서 더 편리하고, 만족스러워 하실 수 있도록 더 발전해나가는 에이블리 되겠습니다. 감사합니다."
랜덤이,1,2021-02-16,0,카드결제하려는데 페이북때문에 개고생하다가 결제안합니다,
하루야채,1,2020-02-02,2,"신규회원 쿠폰이 기간제인것부터 별로였는데 배송비 합산한 가격이면서 무료배송인척 하는게 어이없어 남깁니다 ㅋㅋㅋㅋㅋㅋ 분명 상품 설명에는 17000원에 득템하세요! 인데 앱 내 가격은 20,900원? ㅋㅋㅋ 이건 배송비보다 더 받는데요? 이거 보시는 분은 앱 이용하지 않으시길 바랄게요 이게 왜 더 문제냐 하면 만약 이 앱으로 같은 마켓에서 2개상품을 주문한다면 배송비를 2번 지불하는 꼴이고 뜨는 배송비는 당연히 여기서 꿀꺽하겠죠? 말도안되게 할인해서 파는 물품에도 다 이유가 있습니다 ㅋㅋ 온라인 쇼핑에서 자주보는 전형적인 수법이 다 보이네요 사기앱임","ABLY Corp., Inc.2020년 2월 3일안녕하세요 고객님, 에이블리를 찾아주셔서 감사합니다. 먼저 이용에 불편을 드려 대단히 죄송합니다. 에이블리는 자체 배송하는 셀러를 대상으로 현재 가격 정찰제를 도입하여, 자사몰과 에이블리 판매 가격을 동일하게 맞추도록 규정되어있습니다. 관련해서 주기적으로 가격 모니터링을 실시하고, 이를 어길시에 해당 마켓에게는 페널티를 부여하고 있습니다. 차이가 났던 마켓이름을 support@a-bly.com로 제보해주신다면 해당 마켓에 패널티를 부여하도록 하겠습니다. 감사합니다."
소렌,1,2021-04-29,0,옷 예쁘긴 함. 진짜 관상용. 재질 최악. 차라리 무신사에서 돈 더 주고 옷 사셈. ㄴㄷ,
다연,1,2019-10-11,5,옷은 다 이쁘고 무료배송이라 좋은데 배송이 진짜 느려요;;; 느려도 너무 느려요 제가 옷 주문한지 3일이 지나가는데 아직도 상품 준비중이라 뜨고 심지어 티셔츠가 배송지연된다네요... 진짜 다 좋은데 배송이 느려서 앞으로 이앱 못쓰겠어요 배송을 좀더 빨리해주고 입금확인것도 빨리해주면 좋을텐데 진짜 그게 안되나보네요... 이젠 기다리다 지치네요.. 하루에 몇번씩 배송조회해도 상품준비중....하 제가 10벌 넘게 산것도 아니고 딱 2개샀는데 상품은 언제까지 준비하고 배송은 언제하실건지.... 5시이후로는 카톡 보내도 답도 안해주시고... 퇴근하시는건 알겠는데 주말까지 답을 못받으면 사람 미쳐요.... 제발 배송 빨리되게 해주세요,"ABLY Corp., Inc.2019년 10월 14일안녕하세요 고객님, 에이블리를 찾아주셔서 감사합니다. 먼저 이용에 불편을 드려 대단히 죄송합니다. 에이블리를 찾아주시는 고객님들께서 늦는 배송에 대해 많이 아쉬워하는 점을 내부적으로도 매우 심각하게 받아들이고 있습니다. 가장 시급하게 해결해야할 과제라고 생각하고 최선을 다해 배송 시간을 개선하기 위해 노력하겠습니다. 감사합니다."
ꜰʟᴏᴡᴇʀ,1,2020-02-02,1,•출고(주말 및 공휴일 뺀)기본3일~7일 걸리고 인기상품은 더걸림. 보통 메인에 뜨는 상품들은 거의 주문폭주라 기본적으로 오래걸림.(대부분 메인상품을 사지 않나?) •결제하고 목빠지게 기다려봤자 배송지연 된다는 알림 옴(이때부터 화가나는 고객들) •어떤 사진은 수선하고 모델이 입은착용샷이라 모델한테는 착붙이지만(free size) 막상 받아보면 66한테도 큰 오버핏(거의77사이즈)-사진과 실제상품의 차이가 커서 이래도되나싶음,"ABLY Corp., Inc.2020년 2월 3일안녕하세요 고객님, 에이블리를 찾아주셔서 감사합니다. 먼저 이용에 불편을 드려 대단히 죄송합니다. 에이블리를 찾아주시는 고객님들께서 늦는 배송에 대해 많이 아쉬워하는 점을 내부적으로도 매우 심각하게 받아들이고 있습니다. 가장 시급하게 해결해야할 과제라고 생각하고 최선을 다해 배송 시간을 개선하기 위해 노력하겠습니다. 아울러 상품 상세페이지에 평균 배송일자를 안내해드리고 있으니 주문시 참고 부탁드립니다. 감사합니다."
성이름,1,2021-01-13,7,이벤트에 대해서 잘 설명해주세요 50만원 이벤트 할 때 장바구니에 이미 담아둔 상품이 세일해서 50만원 이하로 내려가 응모가 안됐네요 속상합니다,
abcd efg,1,2020-05-17,4,반품 교환 전부 하기 복잡하게 되어있음. 에이블리 측에서 쇼핑몰 다 모아서 게시&판매 하는거면 에이블리 자체에서 반품 교환도 가능하게 해야하는거 아님? 판매자들은 질문을 하면 답변도 성의없이 주고 반품 진행해서 물건은 가져갔는데 일주일동안 그냥 계속 반품진행중임ㅋㅋㅋㅋ 알아보니 반품진행이랑 택배회수 신청을 따로 하라네? 이런 경우 어디서도 못봤는데?? 내 택배는 이미 가져간거 같은데 나는 어떡하라는거??,"ABLY Corp., Inc.2020년 5월 20일안녕하세요 고객님, 에이블리를 찾아주셔서 감사합니다. 좋은 의견 감사합니다. 불편하다고 느끼신 절차는 적절히 반영할 수 있는 방법을 내부적으로 논의하겠습니다. 고객님께서 남겨주신 소중한 응원과 리뷰는 정말 큰 힘이 되고 있습니다. 소중한 응원에 힘입어 고객님께서 더욱 더 만족하실 수 있도록 노력하겠습니다. 늘 감사드려요. 많은 응원 부탁드립니다 :)"
박해림,1,2019-09-27,2,마켓에 대한 기본적인 정보가 없는 곳이 있네요. 배송관련해서 에이블리앱 문의하기를 해도 답변이 없어 마켓에 개별적으로 문의하려 했으나 그 어디에도 연락처가 없네요. 검색을 해봤더니 같은 이름의 마켓 사이트가 나오긴 하지만 구매했던 동일상품은 있지도 않고. 존재하는 마켓이긴 합니까?? 간절기 상품이라 빨리 받고싶은데 배송이 늦으면 늦다 답변이라도 주던지 묵묵부답에 속터지네요. 첫구매 였고 4군데 구매했는데 1곳에서만 배송받앗고 나머지 받고나면 삭제 할래요. 어우 스트레스.,"ABLY Corp., Inc.2019년 9월 27일안녕하세요 고객님! 에이블리를 이용해주셔서 감사드립니다! 먼저 이용에 불편을 드려 대단히 죄송합니다. 배송은 거래처의 사정으로 인해 다소 지연 될 수 있는 점 양해부탁드립니다. 좀 더 빠르게 배송 해드릴 수 있도록 여러가지 방면에서 해결책을 찾도록 하겠습니다. 아울러 마켓의 정보는 좀 더 보완하여 입력될 수 있도록 하겠습니다. 감사합니다. 다시한번 이용에 불편을 드려 죄송합니다."
흐르는별밤,1,2019-09-27,5,"할인도 많이하고 광고도 많이 보여서 믿고 구입했는데 자체배송이 열흘이 넘어도 안오길래 언제 오는지 늦는다고 했는데 내가 알림을 못받은건지 문의 했더니 ""0~3일 더 걸릴수 있고 검수중에 문제생기면 또 늦을수있고 배송문제때문에 또 더 늦을수있고 아무튼 붙이면 확인가능하니까 그거 봐달라""고 답변이 30시간만에 옴. 택배 언제붙이냐니까 이따구로 흐지부지한 답변오고 ㅋㅋㅋㅋㅋ 그리고 하루가 더 지났는데도 여전히 상품준비중임 ^^ 배송 도착만 하면 탈퇴하고 어플도 삭제할 예정 ^^","ABLY Corp., Inc.2019년 9월 27일안녕하세요 고객님! 에이블리를 이용해주셔서 감사드립니다! 먼저 이용에 불편을 드려 대단히 죄송합니다. 배송은 거래처의 사정으로 인해 다소 지연 될 수 있는 점 양해부탁드립니다. 좀 더 빠르게 배송 해드릴 수 있도록 여러가지 방면에서 해결책을 찾도록 하겠습니다. 다시한번 이용에 불편을 드려 죄송합니다."
H J,1,2019-11-18,14,배송기간이 정말 별로입니다ㅡㅡ 셀럽별로 문의하는것도 개 짜증나고 옥션도 제공만하고 문의응대 다 빠른데 여긴 왜그래요? 이전부터 배송 느리다고 말 더럽게 많다고는 하는데? 고객이 주문을하고 문의를하면 상담원 측에서 원래 알아보고 다시 유선전화 해줘야하는게 아니에요? 고객응대부터 개선하세요 무배면뭐해요 고객응대부터 해서 다 짜증나는데 내 돈주고 산 물건인데 이렇게 불편할수가 있어요? 물건 받는데로 앱 바로 지워버릴겁니다. 개선좀하세요 다른사람들도 불편하다고 아우성인데,"ABLY Corp., Inc.2019년 11월 19일안녕하세요 고객님, 에이블리를 찾아주셔서 감사합니다. 먼저 이용에 불편을 드려 대단히 죄송합니다. 에이블리를 찾아주시는 고객님들께서 늦는 배송에 대해 많이 아쉬워하는 점을 내부적으로도 매우 심각하게 받아들이고 있습니다. 가장 시급하게 해결해야할 과제라고 생각하고 최선을 다해 배송 시간을 개선하기 위해 노력하겠습니다. 감사합니다."
최고은,1,2020-09-25,2,"에이블리에서 상품을 많이 시켰었는데, 9월12일에 시킨게 갑자기 추석연휴라고 10월5일부터 보낸다는게 정말 짜증나네요. 고객센터에 몇번을 의뢰해도 똑같은 답만 나오고 정말 짜증납니다. 어쩔땐 봉지가 더럽혀져서 올때도있는데 평점 4개에서 1개로 깎겠습니다. 고쳐주시길바랍니다.","ABLY Corp., Inc.2020년 10월 8일안녕하세요, 고객님! 에이블리를 이용해주셔서 감사드립니다! 판매자의 답변이 만족스럽지 않아 많이 답답하셨을 것 같습니다. 그런 상황을 방지하기 위해 문의에 대한 내용을 점수화하여 적절하게 답변하지 않는 판매자에게는 패널티를 적용하고 있으니 깊은 양해 부탁드립니다. 고객님께서 남겨주신 소중한 응원과 리뷰는 정말 큰 힘이 되고 있습니다. 소중한 응원에 힘입어 고객님께서 더욱 더 만족하실 수 있도록 노력하겠습니다. 늘 감사드려요. 많은 응원 부탁드립니다 :)"
Google 사용자,1,2019-03-14,16,쇼핑몰의 가장 기본적인 재고확보도 안하고 광고하는데만 돈 쏟아 붓는듯.. 옷이쁜거랑 무배에 현혹되어 주문했으나 배송 오지게 느림. 고객센터 전화했더니 주문한 모든건 기본 일주일 생각하란다.. 아래 리뷰 안보고 주문한거 후회중.. 내가 주문한곳도 3곳인데 아직 모두 상품준비중.. 근데 저만 이런것도 아닌거같네요. 모든 마켓이 다 주문 폭주인건가요? 이번건 배송받고 앱 삭제 갑니다..,"ABLY Corp., Inc.2019년 3월 21일안녕하세요 고객님, 먼저 이용에 불편을 드려 대단히 죄송합니다. 일부 마켓 상품의 경우 주문이 급격히 증가하여 배송이 지연되거나 해당 거래처의 사정으로 인해 갑자기 품절 되는 경우가 있습니다. 다시 한번 진심으로 죄송하다는 말씀드리며 다음부터는 고객님께서 더 만족하실 수 있도록 더욱 노력하겠습니다. 감사합니다."
Google 사용자,1,2019-01-21,1,"앱광고하실시간에 앱실행여부좀 똑바로 확인하셨으면좋겠어요;;ㅎㅎ 앱설치하면 혜택도많다길래 설치했더니 별로 혜택많은것도아니네요ㅋㅋㅋㅋ 앱으로 결제하려고 결제수단으로 신용카드를 분명히 체크했는데 결제하려하니 막상뜨는건 결제수단을 확인하라는 문구뿐;;;; 정말 10번도 넘게시도했는데도 안되길래 웹페이지로 들어가서 결제했더니 그제서야 되네요^^ 앱바로 삭제할거구요, 이쇼핑몰에서 다시는 옷살일도 없을것같습니다~","ABLY Corp., Inc.2019년 1월 22일고객님 우선 에이블리를 이용함에 있어서 불편함을 드려 진심으로 죄송합니다. 현재, PG업체 서버에 문제가 있어서 인증값 전달에 시간이 오래걸리고있습니다. 평소보다 시간이 소요되니, 결제 시도 후 좀 더 기다려 주시면 결제 되실겁니다ㅠㅠ 혹시, BC카드로 결제시도하였으나 안되시는 경우에는 ISP앱을 업데이트 해주시면 될 거 같습니다!!다시한번 불편함을 드려 진심으로 죄송합니다."
박선민,1,2020-03-02,4,일반 보세보다 비싸고 질은 떨어져요.. 맨날 할인한다고 되어있는데 할인해도 다른 곳보다 비쌈ㅜ;; 사진도 포샵 심한 곳 더러 있고... 에이블리에서 옷 정말 많이 한꺼번에 사봤는데 첨에 너무 좋아서 색깔별로 재구매해보면 품질이 떨어져있음ㅋㅋㅋ 사양 낮춘다는 공지도 없는데..ㅋㅋ 리뷰도 믿을게 못됨,"ABLY Corp., Inc.2020년 3월 4일안녕하세요 고객님, 에이블리를 이용해주셔서 감사합니다. 불편을 겪으셨던 내용은 고객센터로 문의 부탁드립니다. 감사합니다."
ᄋᄒ,1,2021-04-26,0,물건을 시키면 자꾸 다른게 와요 실수인건 알지만 너무 잦아서 이제 에이블리 자체를 못믿겠어요,
이dsrwaat,1,2019-06-07,30,아주 쓰레기 같은 앱. 5월 초에 주문해서 아직도 소식이 없어 환불문의 넣으니 '6월 4일에 발송했습니다^^' 이러고 있네요 내 돈 주고 산 옷인데 사과는 커녕 설명도 없고 ^^웃고 있네요 정말 불쾌합니다 여기서 옷 사실 분들은 한달 전에 사세요 봄옷 사면 여름에 주니까여^^쓰레기 같은 앱 번창하시길^^!!우웩,"ABLY Corp., Inc.2019년 6월 13일안녕하세요, 고객님. 이용에 불편을 드려 죄송합니다. 먼저, 문의 주신 사항에 대한 처리 상황에서 기분이 많이 상하셨을 것 같습니다. 정말 죄송합니다. 앞으로 좀 더 친절하게 또, 만족하실 수 있는 서비스를 제공해 드릴 수 있도록 더더욱 노력하겠습니다. 배송의 경우에는 일부 마켓 상품의 경우 주문이 급격히 증가하거나 거래처의 사정으로 인해 배송이 지연되는 경우가 있습니다. 다시 한번 진심으로 죄송하다는 말씀 드리며 다음부터는 고객님께서 만족하실 수 있도록 더욱 노력하는 에이블리가 되겠습니다. 감사합니다."
하서현,1,2020-05-27,1,"너무 보정빨 쇼핑몰이 많아요.... 돈주고 사보면 실제로는 전혀 다른 옷이고, 환불 절차는 엄청 까다롭게 해놓아서 사고나면 사기당한 느낌이 강하네요. 실물이랑 대조했을 때 너무 과도한 보정을 하는 쇼핑몰은 제재를 해주셨으면 좋겠습니다. 당장 유튜브나 sns에 마켓 이름만 쳐도 사기판매라는 영상이 넘처납니다....","ABLY Corp., Inc.2020년 6월 1일안녕하세요 고객님, 에이블리를 이용해주셔서 감사합니다. 먼저 이용에 불편을 드려 대단히 죄송합니다. 해당 마켓을 고객센터로 전달해주신다면 내용 확인 후, 해당 마켓에 패널티 조치하도록 하겠습니다. 감사합니다."
m m&,1,2021-03-30,0,배송이 일주일 지연 되서 배송취소를 눌렀는데도 환불이 안되요 문자를 보냈는데도 환불이 안되는데 해결해주세요,
이웃집언니,1,2019-12-27,1,두번 구매하고 삭제해 버렸습니다. 첫번째는 한달이 다 되어 배송이 왔고 중간에 취소도 어려웠고요. 두번째는 배송은 4일 정도 걸려 왔는데 넥라운드 마감처리가 엉망이라 사진으로 보여주고 교환을 요청했더니 2일만에 정상으로 보인다며 교환 불가능하다는 답변이 다였습니다. 가디건 목부분에 빨간 테두리에 검정 봉재선이 보이는데 검정색 가디건이기 때문에 정상이랍니다. 어이가 없어서 그냥 어플 삭제했습니다.,"ABLY Corp., Inc.2020년 1월 2일안녕하세요 고객님, 에이블리를 찾아주셔서 감사합니다. 먼저 이용에 불편을 드려 대단히 죄송합니다. 에이블리를 찾아주시는 고객님들께서 늦는 배송에 대해 많이 아쉬워하는 점을 내부적으로도 매우 심각하게 받아들이고 있습니다. 가장 시급하게 해결해야할 과제라고 생각하고 최선을 다해 배송 시간을 개선하기 위해 노력하겠습니다. 감사합니다."
강나연,1,2021-05-23,0,진짜 화나네요 결제 하려고 봤더니 번호 인증이 안된답니다ㅋㅋ,
이지은,1,2021-01-15,3,제가 요번에 슬로우베리라는 가게에서옷을샀는데요... 옷이너무커서 반품할려고 꼼꼼하게살피고 포장을햇거든요? 그쪽 사장님이 비닐에 검정게 묻어있다고 하더라구요 저는 뭐묻어있는지 확인하고보내거든요 왜 검정게 묻어있는지모르겟어요.....,
고은진,1,2019-09-23,1,"자주 쇼핑하는 어플이지만 참다참다 리뷰 남겨요 에이블리 배송이 늦는거야 뭐 모아서 오느라 늦는가보다하고 배송이 '2주이상' 안걸린 적이 없는데도 그러려니했어요^^ 근데 '마켓자체배송'인데도 별다른 공지도 통보도 안해주고, 연휴 직전에 시키고 연휴 끝나고 일주일이 지났는데도 출발도 안하네요 ㅎㅎ 천부터 짜서 만들어서 배송해서 파시나봐요 ㅎㅎ","ABLY Corp., Inc.2019년 9월 24일안녕하세요 고객님, 에이블리를 찾아주셔서 감사합니다. 먼저 이용에 불편을 드려 대단히 죄송합니다. 많이 속상하시겠지만 어떤 마켓에서 주문하신 내용인지 support@a-bly.com으로 전달해주시면 고객님께 안내 드리라고 마켓측에 확인해보도록 하겠습니다. 감사합니다."
박수진,1,2019-03-06,5,배송 엄청 느려요 진짜 심각함. 고객센터에 재촉안하면 천하태평이고 주문하고 아무런연락없이 한달째 물품못받아서 결국 주문취소했네요 재촉안하면 부분배송도 안해주는곳입니다. 겨울옷을 봄에 받아도 상관없다 생각하시는분만 주문하세요. 너무 화가나서 태어나서 처음으로 리뷰써보네요.,"ABLY Corp., Inc.2019년 3월 7일안녕하세요 고객님, 먼저 이용에 불편을 드려 대단히 죄송합니다. 일부 마켓 상품의 경우 주문이 급격히 증가하여 배송이 지연되거나 해당 거래처의 사정으로 인해 갑자기 품절 되는 경우가 있습니다. 다시 한번 진심으로 죄송하다는 말씀드리며 다음부터는 고객님께서 더 만족하실 수 있도록 더욱 노력하겠습니다. 감사합니다."
윤은정,1,2019-08-22,5,화면 확대 보기도 안되고 상품 품절시에만 사용했던 쿠폰을 돌려 준대요. 물건 주문했다가 단순 변심으로 주문취소 할수도 있는데 쿠폰은 왜 안돌려주시는지? 다른 앱들과 비교가 많이 되서 사용 못하겠네요. 이번 주문한 제품 환불처리 되면 회원탈퇴후 앱 삭제 할꺼임,"ABLY Corp., Inc.2019년 8월 29일안녕하세요 고객님, 현재 정책상 단순변심으로 인한 취소는 쿠폰이 환급되지 않는점 양해부탁드립니다. 앞으로 고객님께서 더 편리하고, 만족스러워하실 수 있는 이벤트와 프로모션 준비하여 더 발전해나가는 에이블리 되겠습니다. 다시 한 번, 불편함과 실망감 드리게 되어 죄송하다는 말씀드립니다. 감사합니다."
Yonhi JANG,1,2020-01-08,1,배송이 복불복으로 너무 느리고 품절되면 아무런 통지없이 환불처리되어서 고르고골라 주문한 의미도 없고 대처도 넘 구리고 앱제거할려구요. ♡이버쇼핑이 훨배나은듯 사용이나 업체별 바로 문의가능하고. 위탁시스템이라그런지 모든더 더딤.....그럼 수고하세요,"ABLY Corp., Inc.2020년 1월 10일안녕하세요 고객님, 실망시켜 드려 대단히 죄송합니다. 늘 고객님들께 더 좋은 서비스를 제공해 드리기 위해 노력하고 있으니 양해 부탁드리겠습니다. 앞으로 고객님께서 더 편리하고, 만족스러워 하실 수 있도록 더 발전해나가는 에이블리 되겠습니다. 감사합니다."
ᄋᄉᄌ,1,2019-09-11,4,"진짜 쓰레기임 배송 전 취소했는데 5일동안 돈이 안들어온다ㅋㅋㅋㅋㅋㅋㅋ 취소완료라고 떴지만 돈이 하도 안들어오길래 문의로 닥달, 결국 전화해서 상담원 연결하니까 어제 취소신청 완료됐단다ㅋㅋㅋㅋㅋㅋ 일처리 그지같이 하고 이 간단한 배송 전 취소부터 돈 받는거까지 에이블리에서는 조오올라 어렵게 한다. 돈 돌려받으면 어플 지우고 다시는 안 깔 생각. 친구들한테도 다 비추천하고 다닐거다.(+답변 믿지마세요 취소완료라고 답변줘놓구서는 4일동안 취소안했단 뜻이에요 에이블리 믿고 걸러~~","ABLY Corp., Inc.2019년 9월 10일안녕하세요 고객님, 에이블리를 찾아주셔서 감사합니다. 배송 전 취소라 하더라도 취소신청이 들어온 경우 셀러가 확인후 취소접수를 확인합니다. 취소접수가 확인되면 취소완료처리 되며 해당 결제수단으로 취소승인을 요청합니다. 당일이 아닌경우 최대 5일정도 소요됩니다. 감사합니다."
GEON HWA LEE,1,2020-01-08,1,파자마 주문했는데 엄청 핫한 파자마인지 주문한 지 1주일도 넘게 걸려서 옴. 주문변경 반영 안된 채 배송옴. 파자마는 중국말로 쓰여 있는 택이 달린 채 완전 싸구려 재질의 최악의 제품이었음. 이런 제품 검증도 안한 채 판매하고 있는 에이블리의 잘못도 있다고 봄. 하나 보면 열을 안다고 반품받고 어플 바로 삭제함~~~. 반품배송비는 고지도 없이 잘 챙겨 가셨네요~.,"ABLY Corp., Inc.2020년 1월 10일안녕하세요 고객님, 실망시켜 드려 대단히 죄송합니다. 고객님의 주문번호를 전달해주시면 확인 후 안내해드리겠습니다. 늘 고객님들께 더 좋은 서비스를 제공해 드리기 위해 노력하고 있으니 양해 부탁드리겠습니다. 앞으로 고객님께서 더 편리하고, 만족스러워 하실 수 있도록 더 발전해나가는 에이블리 되겠습니다. 감사합니다."
해피아진,1,2019-10-06,1,비추각... 직접배송상품은 주문후 며칠지나도 배송안돼서 문의하니 그때서야 배송하고 정작 답변은 며칠 있다가 달림..거기다 개별배송 반품 택배는 가져가는데 일주일 넘게 걸림.. 반품 택배 가져갔는데 구매확정되버렸음.. 심지어 문의내역 언제썼는지 날짜도 안보임 y.y 이벤트 상품땜시 깔게 됐는데 한번 주문해보고 다신 이용 못하겠음..;;;;;;;;;,"ABLY Corp., Inc.2019년 10월 7일안녕하세요 고객님! 에이블리를 이용해주셔서 감사드립니다! 먼저 이용에 불편을 드려 대단히 죄송합니다. 배송은 거래처의 사정으로 인해 다소 지연 될 수 있는 점 양해부탁드립니다. 좀 더 빠르게 배송 해드릴 수 있도록 여러가지 방면에서 해결책을 찾도록 하겠습니다. 다시한번 이용에 불편을 드려 죄송합니다."
박하진,1,2019-08-30,2,두번 다시는 안쓸겁니다. 특히 가온해 거르세요 ㅋㅋㅋㅋㅋ 주문한거 일괄취소 안되고 하나하나 취소해야되는것도 귀찮고 가온해라는 사이트한테 환불받으려고 두달 씨름했습니다 ㅋㅋㅋㅋㅋㅋ 담당자한테 전화받아서 죄송하다 한마디 들으려고 기다렸는데 끝끝내 ARS전화는 안오네요 ㅋㅋㅋㅋㅋ 옷장사하면서 소비자 호구로 보는것도 아니고 뭐하는 짓인지... 일단 믿고 거르는 에이블리...^^,"ABLY Corp., Inc.2019년 9월 2일안녕하세요 고객님, 실망시켜 드려 대단히 죄송합니다. 늘 고객님들께 더 좋은 서비스를 제공해 드리기 위해 노력하고 있으니 양해 부탁드리겠습니다. 앞으로 고객님께서 더 편리하고, 만족스러워하실 수 있는 이벤트와 프로모션 준비하여 더 발전해나가는 에이블리 되겠습니다. 다시 한 번, 불편함과 실망감 드리게 되어 죄송하다는 말씀드립니다. 감사합니다."
송효진,1,2021-07-02,0,여기서 스미싱으로 인한 결재 금액 환불해 주세요 왜 환불이 안된다 하는거죠?,
Yeram Kim,1,2019-09-16,11,저기요 개발자님 저 분명 오늘 낮까지 로그인되어있었고 빵원이벤트로 참여했고 장바구니에 옷도 담았는데 지금 쇼핑하려고 들어와보니 로그아웃되어있고 로그인하려니 가입되어 있지 않은 이메일이라고 나오네요 ㅋㅋㅋ 제가 어제 탈퇴버튼 여쭤보려고 문의를 드리고 잤긴했는데 무통보 탈퇴시키신 건가요? 빵원이벤트로 3000원 할인쿠폰 받아서 그냥 이거 쓰고 탈퇴 안해야겠다 생각하고 있었는데 이게 뭐죠 ㅋㅋㅋㅋㅋㅋ 제가 이메일 잘못입력한 걸수도 있어서 계속 시도는 해볼게요. 고객센터도 왠지몰라도 안들어가져서 여기 남깁니다. 제 쿠폰 없어지기 전에 답변 부탁드립니다^^;;; 별점1점 리뷰보니까 제가 이메일 잘못입력한게 절대 아닌것같네요 ㅋㅋㅋ 아니 모든리뷰보기에서 최신순으로 맞춰도 1점리뷰는 안나오는거 설정해두신건가요 ㅋㅋㅋ 1점리뷰 다 보니까 답변중에 V회원탈퇴기능에 오류가 있어 잠시 꺼둔 상태입니다V 라는 말이 8월 6일에 있던데 한달동안 오류 안고치고 뭐하세요?ㅋㅋㅋㅋㅋ 개웃기네 정직하게좀 사세요,"ABLY Corp., Inc.2019년 9월 20일안녕하세요 고객님, 실망시켜 드려 대단히 죄송합니다. 늘 고객님들께 더 좋은 서비스를 제공해 드리기 위해 노력하고 있으니 양해 부탁드리겠습니다. 앞으로 고객님께서 더 편리하고, 만족스러워하실 수 있는 이벤트와 프로모션 준비하여 더 발전해나가는 에이블리 되겠습니다. 다시 한 번, 불편함과 실망감 드리게 되어 죄송하다는 말씀드립니다. 감사합니다."
민튜민튜,1,2020-09-01,1,"어디에 리뷰 쓰는건지 못 찾아서 저번에 썼던 리뷰를 수정합니다. 인터넷으로 옷 쇼핑은 여기서만 하는데, 등급이 누적이 아니고, 6개월마다 사용한 것으로 등급을 정하나요? 여기서 옷을 샀는데 갑자기 품절이라면서 주문취소됐는데 돈은 환불 받는거죠...? 답변 해주세요.","ABLY Corp., Inc.2020년 6월 5일안녕하세요 고객님, 에이블리를 이용해주셔서 감사합니다. 회원등급은 지난 6개월 간의 ""구매확정"" 금액을 산정하여 매월 1일 일괄 업데이트 됩니다. 구매 즉시 실시간으로 변경되는 것이 아님을 알려드립니다. 해당 내용은 회원혜택 페이지에서 더욱 자세히 확인하실 수 있습니다. 감사합니다."
수연,1,2020-04-22,128,굳이 에이블리에서 사지 마세요... 가끔 좋은 구매할 때도 있지만 대부분 구매하고 실망합니다. 그냥 돈 좀 보태서 백화점에 질 좋은 옷 사입던지 아니면 에이블리말고 인터넷쇼핑몰 옷 잘 찾아봐서 좋은 옷 구매해 입으세요. 전문적이지 않은 판매자들이 그냥 질 안 좋은 중국산 옷 갖고와서 예쁘게 사진 찍어서 비싸게 파는 느낌이 강해요. 에이블리에서 아예 셀럽마켓이라고 하는 것처럼. 인스타 셀럽같은 사람이 옷장사하는 것 같음. 유일한 장점이라고는 무료배송인데. 잘 보면 똑같은 옷을 마켓마다 부르는 게 가격이고 제각각이에요. 질 자체도 안 좋은데 마감처리도 별로고 제대로 검수 안해서 보내주는지.. 모든 마켓이 그런건 아닌데 대부분 그래요. 결국 에이블리에서 호갱같이 10만원 넘게 질렀는데 그 돈 지른만큼 경험했습니다. 잘 환불같은 거 안 하는데 아까 온 옷도 실밥마감처리가 너무 별로여서 환불처리했습니다. 불량아니라고해서 제가 배송비부담해서요ㅋㅋㅋㅋ5천원 그냥 버리고 말지 옷 못 입겠어요.,"ABLY Corp., Inc.2020년 4월 24일안녕하세요 고객님, 실망시켜 드려 대단히 죄송합니다. 늘 고객님들께 더 좋은 서비스를 제공해 드리기 위해 노력하고 있으니 양해 부탁드리겠습니다. 앞으로 고객님께서 더 편리하고, 만족스러워 하실 수 있도록 더 발전해나가는 에이블리 되겠습니다. 감사합니다."
이월,1,2019-09-25,1,상품을 10일동안 기다렸는데 상품 준비중이라 배송 지연이라 뜨던게 품절이라고 떴습니다 근데 해당 쇼핑몰에 들어가보니 아직도 판매중이더라고요 이건 뭔 경우죠? 배송 지연 상품이라고 안적어둔것도 이상하고 돈이 오고가는 장사인데 앱 관리가 이리 허술해도 되는건가요?,"ABLY Corp., Inc.2019년 9월 27일안녕하세요 고객님! 에이블리를 이용해주셔서 감사드립니다! 먼저 이용에 불편을 드려 대단히 죄송합니다. 배송은 거래처의 사정으로 인해 다소 지연 될 수 있는 점 양해부탁드립니다. 좀 더 빠르게 배송 해드릴 수 있도록 여러가지 방면에서 해결책을 찾도록 하겠습니다. 다시한번 이용에 불편을 드려 죄송합니다."
W D,1,2021-05-04,0,에이블리 좋긴한데 단점이 구매할때 돈 내야하는게 좀 아쉽네요.,
박수진,1,2020-04-26,4,멋쟁이들은 절대 여기서 옷 안살겁니다. 속된말로 뭣도 모르고 유행 따라가는데 급해서 대충 사고 빨리 입으려는 사람들을 호구로 만들어서 팔아버리려는 느낌의 옷들입니다. 패션디자인과라 그런지 눈이 그냥 높아서 그런지는 모르겠는데 그냥 싸구려 티가 탁 납니다. 신규회원 쿠폰 준다길래 가입하고 들어가서 옷 구경했는데 쿠폰8장 다 버리고 5분만에 탈퇴했습니다. 허접 원단으로 대충 만들어서 구경하는데 눈 엄청 버리고 기분까지 나쁠 정도였네요. 게다가 가격을 솜사탕마냥 불려놓고 팝니다. 양심도 없구요.,"ABLY Corp., Inc.2020년 4월 27일안녕하세요 고객님, 실망시켜 드려 대단히 죄송합니다. 늘 고객님들께 더 좋은 서비스를 제공해 드리기 위해 노력하고 있으니 양해 부탁드리겠습니다. 앞으로 고객님께서 더 편리하고, 만족스러워 하실 수 있도록 더 발전해나가는 에이블리 되겠습니다. 감사합니다."
윤지연,1,2020-04-14,2,"여러분 회원정보에 사이즈 절대 적어두지마세요 리뷰쓸때 사이즈 선택안해도 죄다 제공되고있어요 심지어 리뷰에서 선택할수있는건 키, 신체사이즈가 끝인데 작성완료하면 키, 몸무게, 신체사이즈, 하의사이즈 등등 전부 제공됩니다 조심하세요 저도 깜짝놀라서 리뷰 다지웠네요;; 고객센터는 담당부서에 전달하겟다고한지 일주일이 넘도록 고치질않고;; 암튼 다들 꼭 알아두세요. ++ 답변달린게 어이없어서 수정합니다. 본인들은 리뷰에서 선택안함으로 수정 안되고있는 상황을 인지못하고계신가봐요? 선택안함으로 바꾸면 된다니 어이가없네요ㅋㅋㅋㅋㅋㅋㅋ 아무리바꿔도 선택안함으로 안되고있구요, 애초에 리뷰쓸때 그항목 선택하지도않았는데 개인정보에 저장해둔 사이즈 자동으로 공개됩니다. 다들주의하세요","ABLY Corp., Inc.2020년 4월 14일안녕하세요 고객님, 에이블리를 이용해주셔서 감사합니다. 먼저 이용에 불편을 드려 대단히 죄송합니다. 회원정보에 사이즈를 기록해 두었더라도 리뷰 작성시 해당 정보를 입력하지 않을 수 있습니다. 리뷰 작성시 해당 정보 영역을 다시 클릭해 선택안함 처리하시면 됩니다. 아울러 리뷰 작성시 기록되는 신체 정보는 사이즈 정보 제공만을 위해 처리됨을 알려드립니다. 감사합니다."
황인영,1,2020-10-23,3,별점 0개는 못주나요 ? 한개도 아까운데 ? 택배가 분실돼도 고객이 연락 안하면 나몰라라 상담원은 무슨 말끝마다 상담을 종료한다 하질않나 내가 지 애인도 아닌데 칼답 해줘야 하나요? 고객만족부가 고객 화 돋구는 부서 인가요? 저는 진짜 해외직구인줄 알았어요!!! 10월1일에 결제 한 가디건을 10월23일이 되도록 못받는데 혹시 여기 알리인가요~~~~!!??,
주주,1,2020-07-09,3,원래 귀찮아서 리뷰 잘 안쓰는데 너무 열받아서 씁니다. 몇몇 쇼핑몰들은 주문이 들어왔는데 확인도 안하는지 몇일째 배송준비중이고 결국 취소 했는데 그거마저도 바로 취소가 안되고 진행중이라 뜨네요. 진짜 답답합니다. 다른 곳은 안그러는데 유독 여기서 주문하면 좀 심해요. 현재 주문한 것만 받고 삭제하렵니다.,"ABLY Corp., Inc.2020년 7월 13일안녕하세요 고객님, 에이블리를 찾아주셔서 감사합니다. 먼저 이용에 불편을 드려 대단히 죄송합니다. 에이블리를 찾아주시는 고객님들께서 늦는 배송에 대해 많이 아쉬워하는 점을 내부적으로도 매우 심각하게 받아들이고 있습니다. 적절히 배송하지 못하는 마켓은 배송에 대한 내용을 점수화하여 패널티를 적용하고 있으며 상품 상세페이지에 평균 배송일자를 안내해드리고 있으니 주문시 참고 부탁드립니다. 감사합니다."
채뷰뤼,1,2020-11-19,3,걍 옷 너무 다른 옷 오고 퀄리티 너무너무 저렴. 친규들도 여기 퀄리티 안좋은거 많다고 지우랬는데 내가 당함. 퀄리티 천원 이천원 주고도 안살것들 너무 많음. 그럼 그 퀄리티대로 사진을 올려야지 왜 보정 빡시게 퀄다르게 심지어 색상도 상상이상 다르게 사진찍어서 올리심? 하 열받아 진짜 아예 다른옷 와서 항의하면 배송비내고 환불하라 사진과 다른건 쇼핑몰책임이니 나몰라라다 해서 너무 열받음 사진과 제품이 심하게 다른 쇼핑몰들 제제를 하던지 없애던지 해야하는거 아닌가요? 소비자한테 그 책임을 돌리네 그런거 좀 개선 되면 좋겠음. 앱 믿고 사는건데 쇼핑몰에 대한 경고나 확인조치 없고 소비자기만 하는 태도 너무 화나요 그런거나 개선하고 광고하세요 유튜브나 이런데서 광고 엄청 하는데 꼴도 보기싫음,
현우,1,2019-11-28,2,신규가입자에게 일정금액이상 주문시 할인되는 쿠폰을 제공하여 금액을 맞추게 하기위해서 이벤트 상품외에 다른 물품도 같이 주문하게 해놓고 배송은 정작 이벤트상품은 안오고 같이 주문한 다른것만 먼저오고 이벤트상품은 재고부족으로 지연된다고 4일이나 지난 지금에서야 연락이오고 주문을 취소하려면 금액을 맞추기위해 주문한 다른 상품도 고객이 직접 반품처리해야된다는 말같지도 않은 소리를 하네요. 첫 가입 쿠폰은 항상 고객몰이용으로 사용하는게 맞다고는 하지만 좀 너무하다 싶네요. 재고가 부족하면 이벤트로 제공을 하지를 말던지 이벤트 상품으로 사용할거면 미리 수요조사해서 재고를 구해놓던지 이런거 잘 안쓰는데 별로네요. 여튼 배송된 제품이 아까워서라도 기다렸다가 전부 배송되면 탈퇴하렵니다,"ABLY Corp., Inc.2019년 11월 29일안녕하세요 고객님, 에이블리를 찾아주셔서 감사합니다. 먼저 이용에 불편을 드려 대단히 죄송합니다. 이벤트 상품의 경우 기타 상품보다 주문량이 많아 다소 시간이 소요되는 점 양해 부탁드립니다. 감사합니다."
송유진,1,2020-02-05,2,주문을 하고 바로 사정이 생겨 주문취소가 되어 다행이라고 생각했습니다 오후 6시에 갑자기 배송되기 전까지는요.. 오후6시라 문의도 안되서 글이라도 남겼는데 답은 오지 않고 상품만 왔네요.. 전화해보니 상품출고가 된 후 주문취소를 했기 때문에 문제라는 말이였는데 분명 주문취소할 수 있어서 했는데 제 불찰이라고 합니다.. 그럼 주문취소란은 도대체 왜 있고 애초에 상품출고 후 주문취소는 당연히 어려운데 시스템상 원활하게 돌아가지 않은 점들 때문에 이렇게 됬네요 다른 분들은 부디 이런일 당하지 않으셨음 합니다 싼값이라 환불이나 반품은 더이상 번거로워 하지 않을테니 답변 달지 않으셔도 됩니다 이미 회원탈퇴했고 더는 에이블리를 믿고 구매하고 싶지는 않습니다,"ABLY Corp., Inc.2020년 2월 10일안녕하세요 고객님, 에이블리를 이용해주셔서 감사합니다. 먼저 이용에 불편을 드려 대단히 죄송합니다. 문제가 발생한 주문번호를 전달해주시면 확인 후 해당 마켓에 문제에 부합하는 패널티 조치를 하겠습니다. 감사합니다."
Kyoungjin Kim,1,2019-04-19,15,"상품 주문했는데 4일 넘게 상품 준비중이길래 고객센터에 연락하여 상품 취소했고 초록창에 검색해봤더니 같은 상품을 카드 청구할인, 이벤트 할인있어서 더 저렴하게 구매했음(배송도 훨~씬 빠름). 요즘 소셜커머스나 유통사 쇼핑어플 전부 배송 전쟁이라던데 여긴 대체 뭐하는지 모르겠음. 배송 한달 걸린 분들 리뷰도 있던데 시스템 개선해서 배송이 좀 빨라졌으면 좋겠네요","ABLY Corp., Inc.2019년 4월 25일안녕하세요 고객님, 먼저 이용에 불편을 드려 대단히 죄송합니다. 일부 마켓 상품의 경우 주문이 급격히 증가하여 배송이 지연되거나 해당 거래처의 사정으로 인해 갑자기 품절 되는 경우가 있습니다. 다시 한번 진심으로 죄송하다는 말씀드리며 다음부터는 고객님께서 더 만족하실 수 있도록 더욱 노력하겠습니다. 감사합니다."
이효재,1,2019-06-18,7,웹에 못 들어가고 앱에서만 쇼핑이 가능하게 만들었으면 앱이라도 잘 돌아가야죠. ㅋㅋ 쇼핑하다가 갑자기 이상하게 먹통이길래 껐다 켰더니 첫 화면에서 넘어가질 않고 인터넷 문제라고 하네용. ㅎ 와이파이 잘 되고 데이터도 켜 봤는데용. 앱도 삭제했다 설치했는데. ㅎㅎ ㅋㅋ,"ABLY Corp., Inc.2019년 6월 20일안녕하세요, 고객님. 이용에 불편을 드려 대단히 죄송합니다. 해당 일시에 어플에 오류가 발생하여 연결이 불안정 했습니다. 다시 한번 죄송하다는 말씀 드리며, 앞으로 더 편리하게 이용하실 수 있도록 노력하겠습니다. 감사합니다!"
HJ Park,1,2019-08-07,215,배송 개느림. 완전 느림. 광고는 쿠폰 상세표기 안한 허위광고에 주문후에 하도 안와서 배송일 문의 했더니 재고를 두고 하는게 아니라 1일부터 11일까지 휴가라고 12일 지나서 가능하다함. 애초에 휴가면 이런 광고같은거 안하지 않아요? 주말 이틀간 쉬는것도 아니고 열흘이나 쉬면서? 뭐하는 어플이에요? 주문받고 직접 누에잡고 일일이 옷감짜서 염색하고 말리고 해서 2주 걸리는거세요? 이러고나서 12일 지나고 14일쯤 연락와서 재고 소진이라 취소할게요. 이럴거잖아요?,"ABLY Corp., Inc.2019년 8월 19일안녕하세요 고객님! 에이블리를 이용해주셔서 감사드립니다! 먼저 이용에 불편을 드려 대단히 죄송합니다. 배송은 거래처의 사정으로 인해 다소 지연 될 수 있는 점 양해부탁드립니다. 좀 더 빠르게 배송 해드릴 수 있도록 여러가지 방면에서 해결책을 찾도록 하겠습니다. 다시한번 이용에 불편을 드려 죄송합니다."
sy l,1,2019-09-10,218,허위광고 ㅡㅡ 앱 받아놓고 구매하려고 보니 7만원이상 구매해야 쿠폰 적용이라고 뜨네요 광고에는 분명 잘 보이지도 않는 작은 글씨로 '3~5만원이상 구매 시' 라고 써있는데요?(이것도 웃김) 탈퇴도 직접 할 수 없고 고객센터에 글을 남겨야 탈퇴를 시켜준다니 탈퇴가 언제 될지 모르니 당장 앱을 지울 수도 없고 상당한 시간낭비에 귀찮은 앱이네요.,"ABLY Corp., Inc.2019년 9월 17일안녕하세요 고객님, 실망시켜 드려 대단히 죄송합니다. 늘 고객님들께 더 좋은 서비스를 제공해 드리기 위해 노력하고 있으니 양해 부탁드리겠습니다. 앞으로 고객님께서 더 편리하고, 만족스러워하실 수 있는 이벤트와 프로모션 준비하여 더 발전해나가는 에이블리 되겠습니다. 다시 한 번, 불편함과 실망감 드리게 되어 죄송하다는 말씀드립니다. 감사합니다."
ᄋ지구,1,2019-08-20,3,"주문하고 나서 이틀째인데도 상품준비중이길래 뭔가 이상해서 배송 문의를 남겼는데 그제서야 주문한 상품 품절되었다고 다른상품으로 교환하거나 취소해주시겠다고 하시네요. 상품이 품절되었으면 구매자가 주문하지못하도록 막아두시거나 먼저 연락주시는게 맞는거아닌가요,. +배송 진짜 느립니다. 8월 13일날 시킨거 일주일째 기다리고 있고요. 이정도 늦으면 다른쇼핑몰에서는 입고가 지연되어서 그렇다 뭐때문에 그렇다 얘기라도 해주는데 여기는 그런말 하나 없습니다. 주문하자 마자 언제출고되냐고 문의남겨놓았었는데 그때는 1-2일 내로 출고된다고 답변이 왔는데 출고는 무슨 일주일째 기다리고있습니다. 1-2일이 지나도 여전히 상품준비중이길래 언제 출고되는거냐고 다시한번 문의를 넣어보니 이젠 이틀이 지나도 답변도 안옵니다.^^","ABLY Corp., Inc.2019년 8월 19일안녕하세요 고객님, 실망시켜 드려 대단히 죄송합니다. 늘 고객님들께 더 좋은 서비스를 제공해 드리기 위해 노력하고 있으니 양해 부탁드리겠습니다. 앞으로 고객님께서 더 편리하고, 만족스러워하실 수 있는 이벤트와 프로모션 준비하여 더 발전해나가는 에이블리 되겠습니다. 다시 한 번, 불편함과 실망감 드리게 되어 죄송하다는 말씀드립니다. 감사합니다."
만월,1,2019-03-10,15,처음으로 리뷰 답니다. 주문한 제품이 있어 아직 어플 안 지우고 있는데 상품 받으면 바로 지울겁니다. 다시는 여기서 주문 안 시킬 것 같네요. 주문 넣은지 10일이 지났는데 아직도 상품 준비중이고 도착하려면 또 얼마를 기다려야 하는건지...;; 또 기다리는 동안 몇몇 상품들은 품절이던데 재입고까지 기다리라는건지 모르겠네요... 미리 재고 파악해서 주문을 란 받던지 해야하는 게 맞는게 아닐까요?? 차라리 다른 어플 이용하고 말지 이렇게 오래 걸리면서 이 어플을 사용할 메리트를 모르겠네요.,"ABLY Corp., Inc.2019년 3월 14일안녕하세요 고객님, 먼저 이용에 불편을 드려 대단히 죄송합니다. 일부 마켓 상품의 경우 주문이 급격히 증가하여 배송이 지연되거나 해당 거래처의 사정으로 인해 갑자기 품절 되는 경우가 있습니다. 다시 한번 진심으로 죄송하다는 말씀드리며 다음부터는 고객님께서 더 만족하실 수 있도록 더욱 노력하겠습니다. 감사합니다."
코알라,1,2020-10-17,21,앱자체는 마음에 듭니다 가격도 좋고 구성도 좋고 배송료도 없고 다 좋지만 정말 이거 하나 때문에 너무 실망스럽습니다 그건 바로 배송오는것 입니다. 제가 신발2켤레와 옷2개를 구매 했습니다 근데 신발 두켤레 배송지연 문자받고 1주뒤 신발하나 도착하고 1주뒤 또 신발하나 도착했습니다. 그런데 이번엔 옷도 배송이 지연문자가 오더니 1주일이 지나도 안오덥니다 신발은 어찌어찌 받았지만 너무 화나 옷은 환불처리했습니다. 배송에 관한것은 무언가 대처가 필요하다 생각 합니다. 몇개월뒤에 또다시 이용했지만 10월12일날 주문한 옷2벌이 3일이 지나도록 안와 문의를 넣자 그제서야 주문폭주로 조금더 오래 걸린다 라고만 하고 상품은 순차적 배송한다 했습니다 그리고 이틀뒤 카톡으로 주문폭주로 10월30일날 순차배송이 된다는군요 이럴거면 해외에서 진즉에 옷을 사고도 이렇게 오래 안걸립니다 시간이 지나고 많이 나아질거라고 생각하지만 더 심하네요 이젠 화를 넘어 질렸습니다 여긴 별하나도 아깝네요,"ABLY Corp., Inc.2020년 1월 20일안녕하세요 고객님, 에이블리를 찾아주셔서 감사합니다. 먼저 이용에 불편을 드려 대단히 죄송합니다. 에이블리를 찾아주시는 고객님들께서 늦는 배송에 대해 많이 아쉬워하는 점을 내부적으로도 매우 심각하게 받아들이고 있습니다. 가장 시급하게 해결해야할 과제라고 생각하고 최선을 다해 배송 시간을 개선하기 위해 노력하겠습니다. 감사합니다."
홍446홍446,1,2019-09-29,2,"별한개도아까워 . 내 돈이 내가 주문한상품이 공중분해되고, 결제는됬고 상품은없는상품이라고그러고 금일이라고 전화도안쳐받고 어쩌라는거지 12일기다려도 문의도제대로안받아주는데가 대다수고 빨리환불이나해줬으면좋겠다 제발 이렇게리뷰남겨봤자 돌아오는답은 안뉑하쉐여 고갱뉨 뭐대다뉘 줴쉥합뉘뒈~","ABLY Corp., Inc.2019년 9월 30일안녕하세요 고객님, 실망시켜 드려 대단히 죄송합니다. 늘 고객님들께 더 좋은 서비스를 제공해 드리기 위해 노력하고 있으니 양해 부탁드리겠습니다. 앞으로 고객님께서 더 편리하고, 만족스러워하실 수 있도록 더 발전해나가는 에이블리 되겠습니다. 다시 한 번, 불편함을 드리게 되어 죄송합니다."
김예원,1,2021-04-03,0,전체적인 옷들이 다 싸구려 같아요... 지난번에 몇번 구매한적이 있었는데 재질도 안좋고 싼티나서 탈퇴했어요,
신유찌,1,2020-05-19,1,"교환,반품건에 대해서 에이블리 전화하면 여러업체를 수용하고 있다보니 에이블리에서는 어떻게할수가없다. 담당 판매자에게 전달,안내 해주는게다다. 가 끝! 처음부터 택배비 내가 부담해서 교환,반품 한다고 반품신청을 해놨음에도 판매자는 구매자가 반품요청을 했음에도 직접 택배회사불러서 반품하셔야함 근데 그것도 택배도착일 9일지나서 법적반품일이 지나서 불가능하겠다는 답은 새벽1시 52분에 답장해놓고 그뒤로 무대응ㅡㅡ 개갑질함... 진짜 짜증남 교환,반품 요청 누르고 몇일이 지나도 연락이 없길래 연락했는데 새벽에 답온거임ㅡㅡ 진짜.. 어이없음 그걸 다시 에이블리 전화해서 말하니, 그래도 저희는 어떻게 해드릴수가 없어요~~~ 전달사항만 판매자께 다시 전해놓겠습니다~~ 같은말만 반복.. 앵무새인가 ㅡㅡ 에이블리 완전 비추","ABLY Corp., Inc.2020년 5월 20일안녕하세요, 고객님! 에이블리를 이용해주셔서 감사드립니다! 판매자의 답변시간이 지연되어 많이 힘드셨을 것 같습니다. 그런 상황을 방지하기 위해 문의 답변 시간을 수치화하여 지연답변 하는 경우 패널티를 적용하고 있으니 깊은 양해 부탁드립니다. 고객님께서 남겨주신 소중한 응원과 리뷰는 정말 큰 힘이 되고 있습니다. 소중한 응원에 힘입어 고객님께서 더욱 더 만족하실 수 있도록 노력하겠습니다. 감사합니다."
박정아,1,2019-03-05,30,이용한지 오래 됐는데 여러 마켓들이 모여있어서 예쁜옷도 많고 전체 무료배송이라서 좋아요 근데 배송 늦는거는 상관없는데 결제하고 2~3일 있다가 갑자기 품절이라고 하는건 좀 그래요... +추가+ 답변달렸는데 추가로 더써요 방금 또 품절이래요 진짜 화가날 지경이에요 이번에 주문한 옷들중에 3개가 품절이라니 공급처 주문 후 입고불가로 확인되는 경우 있다고 써놓기만 하면 다인가요? 이런 경우가 없도록 노력해야하는거 아니에요? 가끔 그러는것도 아니고 일상다반사네요? 환불받는게 간단하면 몰라요 주문한지 3~4일 있다가 갑자기 품절이라고 달랑 문자한번 보내놓고 그럼 전 주문페이지 들어가서 문의글 써야하고 환불금은 왜이리 늦게 들어오는지 전에 환불한게 일주일이 지났는데 안들어왔어요 시간을 얼마나 버리는건지 아시냐구요 개선할 생각을 하셔야지요,"ABLY Corp., Inc.2019년 3월 5일안녕하세요 고객님, 먼저 이용에 불편을 드려 대단히 죄송합니다. 일부 마켓 상품의 경우 주문이 급격히 증가하여 배송이 지연되거나 해당 거래처의 사정으로 인해 갑자기 품절 되는 경우가 있습니다. 다시 한번 진심으로 죄송하다는 말씀드리며 다음부터는 고객님께서 더 만족하실 수 있도록 더욱 노력하겠습니다. 감사합니다."
김지연,1,2020-09-29,1,그저께 상품주문하고 결제하고 배송어디까지 진행되었나 확인하려고 마이페이지들어가서 배송조회하려고하는데 자꾸 주소가삭제되었거나 오류라고하면서 주문창이 안뜨네요 이거 어플로확인하는사람들이 많은만큼 빨리고쳐야하는거아닌가요? 저만이런건지.. 매번 결제할때마다 배송조회전화할수도없는거고 참,"ABLY Corp., Inc.2020년 10월 8일안녕하세요 고객님, 에이블리를 찾아주셔서 감사합니다. 먼저 이용에 불편을 드려 대단히 죄송합니다. 정확한 현상 파악을 위해 고객님의 회원 ID와 함께 해당 오류 내용을 캡쳐하여 support@a-bly.com으로 전달해주시면 오류 개선 조치에 많은 도움이 될 것 같습니다. 번거로우시더라도 확인 부탁드립니다. 감사합니다."
김씨,1,2019-05-04,1,기존 마켓에서 따로 판매할 때 원가 보다 높은 액수 적고 찍찍 그어서 할인율 적어놓은거 보고 기가 막혀서 문의 공개 된 상태로 넣었더니 지네가 마음대로 문의 비공개로 돌려버리고 후기에다 적어놨더니 마켓 운영하는 분 불러오는 클라쓰.. 소름돋아서 어플 삭제하고 그 이후로는 절대 안씀ㅋㅋ,"ABLY Corp., Inc.2019년 5월 8일의견 감사합니다, 고객님! 고객님의 의견 반영하여 좀 더 발전하는 에이블리가 되도록 노력하겠습니다. 감사합니다."
조혜영,1,2019-09-26,1,배송비가 안들어가는것은 좋으나 배송이 3일에서 7일까지인 것도 좋은데.. 거기에 플러스 1일에서 2일 늦어진다는거는.... 그럼 총 7일+2일 이면 9일 인데.. 행사가 있어서 옷을 주문했더니 당일에 못 입을것 같아서 취소했습니다... 배송처리가 변해야될것같아요,"ABLY Corp., Inc.2019년 9월 27일안녕하세요 고객님! 에이블리를 이용해주셔서 감사드립니다! 먼저 이용에 불편을 드려 대단히 죄송합니다. 배송은 거래처의 사정으로 인해 다소 지연 될 수 있는 점 양해부탁드립니다. 좀 더 빠르게 배송 해드릴 수 있도록 여러가지 방면에서 해결책을 찾도록 하겠습니다. 다시한번 이용에 불편을 드려 죄송합니다."
함며두,1,2019-10-05,1,와.. 해외배송을 시켜도 이보다는 빨리올듯 싶네요 20일이 지났는데도 아직 상품 준비중이랍니다 뭐 문자한통 없이요 말이되나요? 문의를 남겨도 복붙한내용만 답으로 오고..진짜 화가나서 참을수가없어요.. 차라리 배송비 쓰고 빨리 받는게 낫겠네요 여기서 시키지마세요,"ABLY Corp., Inc.2019년 10월 7일안녕하세요 고객님! 에이블리를 이용해주셔서 감사드립니다! 먼저 이용에 불편을 드려 대단히 죄송합니다. 배송은 거래처의 사정으로 인해 다소 지연 될 수 있는 점 양해부탁드립니다. 좀 더 빠르게 배송 해드릴 수 있도록 여러가지 방면에서 해결책을 찾도록 하겠습니다. 다시한번 이용에 불편을 드려 죄송합니다."
김현주,1,2019-09-11,56,990원 행사때문에 깔아봤는데 뭔가 되게 어설프네요..개인정보 입력시에 환불계좌를 넣게 되어있는데 주로 카드결제하는 사람으로선 카드결제 취소처리하면 그만인데 궂이 쓸데없는 개인정보를 반드시 입력해야 가입하게 만들었는지 이해불가! 회원 가입은 본인이 가능하나 탈퇴는 고객센터를 통해야만 하는것도 불편... (게시판에도 요청했지만 탈퇴처리후 회원정보 삭제 바람!!) 타쇼핑몰에 비해 뭔가 상당히 보편적이지 않음...,"ABLY Corp., Inc.2019년 9월 17일안녕하세요 고객님, 실망시켜 드려 대단히 죄송합니다. 늘 고객님들께 더 좋은 서비스를 제공해 드리기 위해 노력하고 있으니 양해 부탁드리겠습니다. 앞으로 고객님께서 더 편리하고, 만족스러워하실 수 있는 이벤트와 프로모션 준비하여 더 발전해나가는 에이블리 되겠습니다. 다시 한 번, 불편함과 실망감 드리게 되어 죄송하다는 말씀드립니다. 감사합니다."
스투레스스투레스,1,2019-12-26,2,배송전취소건에대해서 환불처리가 제대로 이루어지지않고 또 이 어플의 단점은 해당 상품에대한 q&a 자체가 1대1 문의밖에 할수없어 해당 마켓에대한 전체적인 평을 알수가없어 매우 불편 불량 마켓을 걸러서 쇼핑을 할수없음 저는 17일에 구매하여 19일 배송전 취소를 했는데 취소처리해준다는 답변만 받고 전화도 되지 않고 취소처리도 되지않았음 이 어플 거르세요,"ABLY Corp., Inc.2019년 12월 27일안녕하세요 고객님, 실망시켜 드려 대단히 죄송합니다.  support@a-bly.com 으로 주문번호와 마켓명을 보내주시면 확인 후 조치하도록 하겠습니다.  늘 고객님들께 더 좋은 서비스를 제공해 드리기 위해 노력하고 있으니 양해 부탁드리겠습니다. 앞으로 고객님께서 더 편리하고, 만족스러워 하실 수 있도록 더 발전해나가는 에이블리 되겠습니다. 감사합니다."
IliliiIlliI,1,2020-11-03,6,배송개느리고 왜케 다들 가격이 수시로 왔다갔다함? 이월상품도아니고 불과 며칠 전에 신상 주문했는데 기다려도 하도 배송을 안해줘서 들어가보면 그새 가격내렸음ㅋㅋㅋㅋㅋㅋ 이거 단속해야되는거아니에요? 배송이나 하고 내리던가 기다리는 사람 호구만들기나하고ㅋㅋㅋ에효,
이수연,1,2020-08-17,7,할인전 보다 할인후 가격이 더 비싼 양아치 앱! 에이블리 너무 웃김ㅋㅋㅋㅋㅋ옷가격이 만원인 옷이있는데 전상품80프러 할인 이벤트 한다길래 대박 이러면서 들어갔는데 원래가격4만원으로 올려놓고 할인80프로해서 8천원에 판다 이러고 있음 심지어 어떤거는 5퍼할인 전 가격보다 80퍼 가격할인한게 더 비싼것도 있었습니닼ㅋㅋㅋㅋ아니...소비자를 호구로 아는것도 아니고 그렇게 눈속임하면 모를꺼같나요?ㅋㅋㅋㅋㅋ진짜 너무 재밌어요😆😆😆큰웃음 주셔서 감사하구요 농락당한거같애서 이제부터 여기서 안살려구요ㅠ,"ABLY Corp., Inc.2019년 2월 14일안녕하세요 에이블리입니다:) 우선 에이블리를 이용함에 있어 불편을 드려 죄송합니다.  에이블리는 일반 쇼핑몰과 달리 플랫폼 내에서 다양하고 많은 상품들을 다루기 때문에 그 과정에서 일부 가격차이가 날 수 있습니다. 앞으로 좋은 상품을 합릭적인 가격에 판매하기 위해 더욱 노력하는 에이블리가 되겠습니다. 감사합니다."
가나다,1,2020-08-20,1,배송도 늦고 삼성 제품은 거의 없고 답변도 늦어요. 검색 기능도 떨어지고요. 상품 질도 전체적으로 별로에요. 그리고 포인트를 구매금액의 10%까지 밖에 적용 못한다는 점이 아주 별로에요. 삭제합니다.,"ABLY Corp., Inc.2020년 8월 21일안녕하세요 고객님, 실망시켜 드려 대단히 죄송합니다. 늘 고객님들께 더 좋은 서비스를 제공해 드리기 위해 노력하고 있으니 양해 부탁드리겠습니다. 앞으로 고객님께서 더 편리하고, 만족스러워 하실 수 있도록 더 발전해나가는 에이블리 되겠습니다. 감사합니다."
Google 사용자,1,2018-12-06,1,인증하라더니 문자가 왜 안날라오나요? 30분째 계속 인증버튼만 누르고..시간 아깝네요. 페이스북 가입하려니까 이메일로 인증하라고 뜨고 ㅋㅋㅋ 이메일 인증하면 문자가 안날라오고..총체적 난국이네요;;,"ABLY Corp., Inc.2018년 12월 6일안녕하세요 고객님! 우선 에이블리를 이용하는 데 불편함을 느끼게 해드려 정말 죄송합니다ㅠㅠ! 현재 인증번호에 있어서 오류가 없기때문에, 에이블리 고객센터(1833-8021)로 전화주시면 빠르고 친절하게 답변해 드리겠습니다. 감사합니다!"
김나영,1,2019-09-09,97,설치후 구매하실분들 결제 여러번 생각하시고 신중히 하세요 할인쿠폰사용 결제후 재결제하려고 취소했더니 할인쿠폰 날라감. 결제취소 바로 이루어지지도 않음. 언제취소되냐물었더니 각 셀러들이 순차적으로 처리해준다는 원보이스.. 상담원들 그닥 친절하지도 않은것같고.. 할인쿠폰은 왜 복구가 안되냐했더니 일회성쿠폰이라 함.. 그래서 결제취소는 언제되냐 그랬더니 오늘안으로 (오늘언제될지도모르고) 처리될거라 하고 카드취소 3~5일 소요된다고 함..,"ABLY Corp., Inc.2019년 9월 10일안녕하세요 고객님, 에이블리를 찾아주셔서 감사합니다. 쿠폰의 경우 현재 정책상 반환되지 않습니다. 불편하신 부분을 적극 수용하여 개선 할 수 있도록 하겠습니다. 아울러 카드 취소의 경우 취소 요청을 하더라도 카드사 정산 확인이 필요하기 때문에 당일 취소가 아닌 경우 카드 가맹점 모두 3~5일 소요됨을 알려드립니다. 감사합니다."
ᄌᄆᄉ,1,2020-09-10,19,"와 아니 원래 리뷰 안쓰는데 이건 말해야겠다 환불정책이 굉장히 마음에 안들어요. 신규회원 990원 쿠폰 써서 산 상품이 7일을 기다리게 하다가 품절됐다고 부분취소가 되었는데, 이렇게 되면 상식적으로 다른 상품으로 바꿔서 배송해주던가 아님 쿠폰이라도 복원해줘야 하는 게 아닌가요? 아무것도 없고 통장에 990원만 딸랑 들어왔네요. 품절된 상품을 판매중이라고 표기를 잘못해놓은 것은 판매자 잘못인데 왜 애먼 소비자 쿠폰을 뺏어가냐고요; 쿠폰사용조건 맞추려고 필요없는 슬리퍼도 샀는데 상품은 안오고 쿠폰도 날아가고 진짜 사기당한 기분. 비추. 여러분도 저같이 당하고 기분 더러워지기 전에 지그재그로 뜨세요 삭제 ㄱ","ABLY Corp., Inc.2020년 9월 14일안녕하세요 고객님, 실망시켜 드려 대단히 죄송합니다. 늘 고객님들께 더 좋은 서비스를 제공해 드리기 위해 노력하고 있으니 양해 부탁드리겠습니다. 앞으로 고객님께서 더 편리하고, 만족스러워 하실 수 있도록 더 발전해나가는 에이블리 되겠습니다. 감사합니다."
최슬기,1,2019-12-12,1,광고ㅋㅋ네이버에그렇게싸다고올려놓고 막상주문하니 3-7일걸린다고 반품이나환불조취해준다고ㅋㅋ무슨호구임? 이벤트랍시고 사람끌어모으고 주문수만올려놓고ㅋ다취소나환불하라고? 백원이라고해놓고ㅋ얼마이상할인쿠폰쓰게되잇고 극혐 ~ 늦는다고죄송하다곤안오고 취소환불절차앉내되니깐 어이없.기다렷다가 옷기다려봐야겟네요 얼마나걸리련지,"ABLY Corp., Inc.2019년 12월 13일안녕하세요 고객님, 에이블리를 찾아주셔서 감사합니다. 먼저 이용에 불편을 드려 대단히 죄송합니다. 에이블리를 찾아주시는 고객님들께서 늦는 배송에 대해 많이 아쉬워하는 점을 내부적으로도 매우 심각하게 받아들이고 있습니다. 가장 시급하게 해결해야할 과제라고 생각하고 최선을 다해 배송 시간을 개선하기 위해 노력하겠습니다. 감사합니다."
이소연,1,2020-10-23,3,배송 전 취소로 환불신청했는데 환불완료 됐다고 뜨고 2주넘게 돈 안 오네요 그냥 먹어버린건지.. 옷 판매는 입점한 곳에서 하고 환불은 에이블리가 담당해서 고객센터로 이리저리 물어보느라 짜증납니다 에이블리측에서는 환불 이미 처리됐다고 또 카드사에 가서 문의하라는데 그냥 9900원 가지고 더이상 신경쓰기 싫어서 안 물어보려고요 다신 이용안합니다,
은솔,1,2020-11-18,34,에이블리앱이 원하는 옷을 가격 스타일 등 비교해서 구매할 수있는건 좋은데 요즘따라 너무 렉이 심하네요.. 에이블리 앱 들어가는 것부터 엄청 오래걸리고 옷들 사진이나 리뷰가 안떠서 볼 수가 없어요. 인터넷 연결도 제일 잘되고 따른앱들은 끊김없이 잘되는데 에이블리만 안되네요..또 지금 진행하고 있는 장바구니에 담아서 추첨으로 진행하고 계시는 이벤트에 참여하고 싶은데 장바구니 담는것조차 안더ㅣ네요..,
박수현,1,2020-01-28,99,잘쓰고 있었는데 고객 문의 처리하는 방식이 너무 느리네요. 분명 무통장 입금으로 입금한게 이틀 전 일인데 입금 확인은 커녕 주문 취소가 됐다고 뜨고... 입금 확인 부탁드린다고 게시판에 글을 몇번이나 올려도 돌아오는 답변은 없고 ㅋㅋ 일처리 방식이 너무 답답하네요 전화걸어도 받지도 않으시고. 입금한 걸 환불이라도 해주시던지 다시 입금 확인 조취를 빨리 취해주시던지 해주시길 바랍니다. 개인적으로 잘쓰고 있었는데 굉장히 실망했어요.,"ABLY Corp., Inc.2020년 1월 28일안녕하세요 고객님, 에이블리를 이용해주셔서 감사합니다. 입금확인은 주문시 입력하신 입금자명과 실제 입금자명이 일치하고 입금 금액 정확한 경우 입금 1시간 이내로 입금확인이 자동으로 처리됩니다. 입금자 명 및 입금금액 확인 부탁드리며 에이블리 고객센터는 주말 및 공휴일에는 운영되지 않음을 알려드립니다. 감사합니다."
오윤서,1,2020-08-25,6,안녕하세요 전에 에이블리 했던 유저인데요. 에이블리는 이쁜 케이스스들이 많다고 해서 깔았습니다. 그런데 이쁜 케이스도 많더군요 하지만 저의 핸드폰 기종 케이스를 검색해 봤더니 아무것도 나오지 않더군요. 이게 어떻게 된 일이죠?? 아무리 제가 폰이 좀 됐다고 해도 아무것도 없는 건 아니지 않나요??? 그리고 폰 케이스는 거의 아이폰 케이스 밖에 없더군요...,"ABLY Corp., Inc.2020년 9월 1일안녕하세요 고객님, 에이블리를 이용해주셔서 감사합니다. 더욱 다양한 상품이 판매될 수 있도록 휴대폰 악세서리 판매자들에게 많은 독려를 하도록 하겠습니다. 감사합니다."
귀염단Lovely Dani,1,2019-10-17,3,유튜버 홍세림님 영상보고 좋아보여서 한번 구매해봤는데.. 아무리 주문이 밀리고 어쩐다지만 4개시켰는데 10일째 다들 배송지연된다고 연락만 계속오고 한개도 배송안옴 너무 심하다고 생각함. 무료배송이라도 이런식이면 앞으로 절대 안쓸듯.,"ABLY Corp., Inc.2019년 10월 21일안녕하세요 고객님, 에이블리를 찾아주셔서 감사합니다. 먼저 이용에 불편을 드려 대단히 죄송합니다. 에이블리를 찾아주시는 고객님들께서 늦는 배송에 대해 많이 아쉬워하는 점을 내부적으로도 매우 심각하게 받아들이고 있습니다. 가장 시급하게 해결해야할 과제라고 생각하고 최선을 다해 배송 시간을 개선하기 위해 노력하겠습니다. 감사합니다."
Google 사용자,1,2018-11-24,1,행사 자주하는건 좋습니다. 근데 사람 많아서 버퍼링 걸리는것도 이해하겠는데 선착순 안에 들어 장바구니에 담고 계산하려니 갑자기 품절된 상품이라고ㅋㅋㅋㅋㅋ솔직히 기분 상하네요. 차라리 장바구니에 못담게 하시지ㅋㅋㅋㅋ,"ABLY Corp., Inc.2018년 11월 29일안녕하세요 고객님 우선 이용에 불편을 드려 진심으로 죄송합니다. 990원 상품 오픈 당시, 동시 결제 시도가 예상 수치보다 급증하여 정상적으로 구매가 어려운 현상이 발생했습니다. 추후 이벤트 진행 시, 더욱더 철저히 준비하여 편리한 쇼핑을 하실 수 있도록 최선을 다하겠습니다. 감사합니다."
헬로하세요,1,2021-06-12,0,싸구려. 물건 가격에 배송비 포함 해 놓음,
mangpha k,1,2019-06-25,2,로그인이 안되네요 페이스북으로 로구인하니깐 로그인 계속 실패해서 이메일로 거입하려니 핸드폰 번호는 또 인증되어있고 로그인은 이메일로 밖에 안되고 페이스북 로그인이 가늘하게 하든 제 번호를 삭제하고 다시 이메일 가입을 하든 조치를 취해줬으면 좋겠네요,"ABLY Corp., Inc.2019년 6월 27일안녕하세요, 고객님! 이용에 불편을 드려 죄송합니다. 해당 내용을 확인하기 위하여 고객센터로 전화 주시거나,  해당 내용과 함께 고객님의 휴대전화 번호를 support@a-bly.com 주소로 보내 주시면 확인 도와드리겠습니다. 감사합니다 :)"
백민형,1,2020-03-18,6,아니 광고로 가격을 속이시면 어떡하나요 ;; 신규회원 990원으로 해놓고 나서 쿠폰은 다운로드 되지도 않고 다른 옷들도 이뻐서 살려고 하는데 아주 사기 쳐놓으셔서 그럴 마음이 뚝~ 떨어지네요 아주 사기 치는데 선수시네요 ^^ 덕분에 제 아까운 시간을 낭비했네요 ㅜㅜ 회원 탈퇴하려는데 탈퇴도 찾을 수도 없게 해놯네요 짜증나네요 ㅎㅎ;,"ABLY Corp., Inc.2020년 3월 18일안녕하세요 고객님, 에이블리를 이용해주셔서 감사합니다. 먼저 이용에 불편을 드려 대단히 죄송합니다. 일시적인 오류가 발생하여 잠시동안 쿠폰 다운로드에 문제가 있었습니다. 현재는 해당오류가 수정되었으니 확인부탁드리며 지속적으로 다운받지 못하시는 경우 support@a-bly.com으로 문의주시기 바랍니다. 감사하빈다."
Google 사용자,1,2019-01-27,1,"이거 앱이 쓰레기네요. 결제 했는데 안됐길래 다시했는데 갑자기 주문내역 2개로되있어서 들어가보니까 주문내역이 없다그러고 쿠폰썼는데 그와중에 쿠폰은 차감이 안됐고, 돈만 나갔나 싶어서 앱카드 다뒤져보고 결제 다시해보고 또안돼서 앱지우고 사이트에서 하니까 잘돼네요ㅋㅋ 장난하는것도 아니고 옷주문시키는데 한참이 걸렸어요 이 어플 다시는 쓰고싶지않네요 화납니다.정말.","ABLY Corp., Inc.2019년 1월 28일이용에 불편을 드려 진심으로 죄송합니다. 앞으로 더 발전하는 에이블리가 되겠습니다:) 감사합니다"
쪼꼬칩,1,2019-03-29,15,이런 쓰레기같은 쇼핑어플은 처음이에요. 주문한 이후부터 반품과정까지 전화를 안한적이 없어요. 상품준비가 3일이나 걸리면서 물건을 꼼꼼히 체크하고 보내지도 않고요 어떤 상품은 자기들도 언제 상품준비 되는지 모른다며 차라리 다른 쇼핑몰 찾으라하구요. 배송지키미 어플에는 상품 배송중이라 뜨는데 정작 에이블리에서는 자기들이 상품 보낸줄도 몰라요. 그렇게 나름 일찍(일주일) 받은 상품이 잘못와서 교환하고 싶지도 않으니 반품으로 환불처리 해달라고 했고 택배사에서 수거할 수 있도록 접수하겠다 했는데 주말제외하고 4일동안 수거를 안하시길래 전화했더니 자기들은 한것 같은데 다시 접수 해드리겠다고 하고 바로 다음날 수거해갔네요. 그렇게 상품이 도착했고 잘 도착하였는지 카톡 보냈더니 교환상품 출고에 대해 써놨더군요. 어이없어서 전화했더니 제가 반품하는지도 몰랐답니다. 시스템이 왜 이러냐 했더니 담당자가 많다는 대답밖에 할 줄 모르네요. 입점해있는 마켓들만 불쌍할정도에요. 카드취소 되는대로 삭제합니다.,"ABLY Corp., Inc.2019년 4월 4일의견 감사합니다 고객님:) 고객님의 의견 반영하여 좀 더 발전하는 에이블리가 되도록 노력하겠습니다. 감사합니다!"
이하나,1,2019-03-13,1,완전비추요 앱을 깔았지만 정말 구매할게 없었어요 자주들어갔지만 맘에드는옷도 없고 배송비무료라고하지만 옷에 배송비가붙어있는거같아요 게다가 거의신생?쇼핑몰위주라 옷도별로없고 진짜 ㅋㅋㅋ 건질게없어요 다시는 이용안하려구요 시간만 괜히 허비한듯,"ABLY Corp., Inc.2019년 3월 14일의견 감사합니다 고객님:) 고객님의 의견 반영하여 좀 더 발전하는 에이블리가 되도록 노력하겠습니다! 감사합니다!"
Riise Arne,1,2020-02-12,1,"옷을 5벌을 주문해서 결제까지 하고나면 그 중 최소 2벌은 재고없음으로 문자오고 환불이 뜸. 아니, 재고가 없으면 미리 품절 표시를 해서 시간 안쓰고 고민이라도 안하게하던지. 한 세번 그러고나니까 성질나서 못쓰겠음.","ABLY Corp., Inc.2020년 2월 14일안녕하세요 고객님, 에이블리를 찾아주셔서 감사합니다. 먼저 이용에 불편을 드려 대단히 죄송합니다. 품절 여부는 거래처의 사정을 실시간으로 확인하기가 어려운 경우가 있어 고객님들께 빠르게 안내해드리기 어려운점 양해 부탁드립니다. 최대한 빠르게 고객님께서 불편하지 않으시도록 품절관리에 최선을 다하도록 하겠습니다. 아울러 언급해주신 불편한 기능들은 최대한 빠른시일 내에 편하게 이용하실 수 있도록 개선조치 하겠습니다. 감사합니다."
라온,1,2020-01-16,27,니트조끼를 시켰는데 그냥 상품명도 없는 니트가 왔네요. 맞교환도 안되고 소비자가 피해는 입을 대로 다 입었는데 아무런 보상도 없네요 ㅋ. 왜 이상하게 왔는지도 안 알려주고 저는 반품 하고 그 옷 못 입게 생겼네요. 에이블리 자체는 좋은데 이런 상황이 발생 했을때 소비자에게 피해만 입히는 것이 아닌 어떠한 보상을 줘야한다고 생각합니다.,"ABLY Corp., Inc.2020년 1월 20일안녕하세요 고객님, 에이블리를 이용해주셔서 감사합니다. 먼저 이용에 불편을 드려 대단히 죄송합니다. 주문번호를 support@a-bly.com으로 전달해주시면 주문내역 확인 후 안내해드리겠습니다. 감사합니다."
이주연,1,2019-03-17,12,열흘 째 되어가는데 아직도 상품준비.... 이 정도면 아예 어플을 운영하는 방법을 바꿔야하는 거 아닌가요? 환불하려니 환불절차도 오래걸린단 후기가 있고 제 시간에 하는 게 대체 뭔가요? 진짜 욕 나오고 화나네요. 거의 사기로 신고해도 될 수준인 것 같네요. 진짜 뭐하자는 건지 이번 배송만 받고 절대 이용 안 하렵니다. 주변에도 사용하지 말라고 입소문 낼 거에요.,"ABLY Corp., Inc.2019년 3월 21일안녕하세요 고객님, 먼저 이용에 불편을 드려 대단히 죄송합니다. 일부 마켓 상품의 경우 주문이 급격히 증가하여 배송이 지연되거나 해당 거래처의 사정으로 인해 갑자기 배송이 늦어지는 경우가 있습니다. 다시 한번 진심으로 죄송하다는 말씀드리며 다음부터는 고객님께서 더 만족하실 수 있도록 더욱 노력하겠습니다. 감사합니다."
**,1,2020-10-31,5,3만원 쿠폰팩은 무슨ㅋㅋㅋㅋ 제한있고요. 포인트가 아무리 많아도 결제금액 10%만 쓸 수 있고 배송비 없는대신 좀 비싸고 네이버 포스트 팔로우하면 제한없는 쿠폰 준다고 해놓고 쿠폰 코드도 안알려주고요 ㅋㅋㅋㅋ 어의없네 옷과 별개로 앱은 최악인 것 같습니다. 일 제대로 하세요.,
도양,1,2020-04-05,38,"솔직히 물건들 다 좋아요 다 좋은데 문의문자 넣어도 몇시간째 반응없으시고 고객센터는 평일부터열어서 주말에는 소용없고 이미 돈까지 넣었고, 오늘이나 내일까지 맞춰서 사려던 상품인데 시간은 흐르고 이미 꼬일때로 꼬여버린 일정이고 문의같은거 좀더 신경써주셨음 해요;; 이게뭡니까 하 메일 넣었는데 이것까지 안돼면 진짜 속상할것 같구요 적어도 2시간정도 지나면 된다던데 저 밤 샜어요..^^ 하.. 너무 속상합니다 계속 이런 상황이시면 다음에 물건을 살때도 이럴까봐 아예 이앱을 안쓸 것 같네요.. 뭐..메일은 오늘안에 읽을 수 있을지부터가 궁금하네요 제 상품은 어디로..💦","ABLY Corp., Inc.2020년 4월 6일안녕하세요 고객님, 에이블리를 이용해주셔서 감사합니다. 먼저 에이블리 고객센터는 주말에 운영되지 않음을 알려드립니다. 주말에 문의하신 내용은 순차적으로 월요일부터 답변해드리고 있으니 참고 부탁드립니다. 감사합니다."
김미숙,1,2021-05-06,0,인증번호 발송에 실패했다고 뜨네요 오류 고쳐주세요,
Nusia Lee,1,2020-07-16,2,"최악의 쇼핑앱. 하자상품보내와서 교환신청했더니 물품수거후 , 지금 15일째 판매자 연락 두절. 에이블리에서 폐점했는지 판매상품도 모두 없앴네? 에이블리 중개업자면 관리 좀 잘하시죠? 최악의 쇼핑몰.","ABLY Corp., Inc.2020년 7월 17일안녕하세요 고객님, 에이블리를 이용해주셔서 감사합니다. 먼저 이용에 불편을 드려 대단히 죄송합니다. 불편사항을 partner@a-bly.com으로 전달해주시면 내용 확인 후 조치를 취하도록 하겠습니다. 확인 부탁드립니다. 감사합니다. ="
foreverJustin,1,2019-09-19,45,여기정말 이상합니다 결재한지 며칠지나도록 상품준비중이라뜨길래봤더니 재입고요청어쩌고뜨길래 옷도없이 광고했구나싶어 취소하려고 글남겼더니 그거마저 답변준비중.... 어이가없어서 취소전화했더니 자체적으로안되는취소들은일일이 다른곳 세군데에 전화해서 취소하래요 그런후 에이블리승인후에 취소가능 그중한곳은전화안받겠다 당당히 적어놓은곳도 있더라구요 게시판에 글남겼더니 역시나 답변준비중 뭐이런... 해외구매보다 느릴뿐더러 취소마저 불편하니 참고하세요 너무 어이가없어서 이런것도 남겨보네요 참내,"ABLY Corp., Inc.2019년 9월 20일안녕하세요 고객님, 에이블리를 찾아주셔서 감사합니다. 먼저 이용에 불편을 드려 대단히 죄송합니다. 품절 여부는 거래처의 사정을 실시간으로 확인하기가 어려운 경우가 있어 고객님들께 빠르게 안내해드리기 어려운점 양해 부탁드립니다. 최대한 빠르게 고객님께서 불편하지 않으시도록 품절관리에 최선을 다하도록 하겠습니다. 아울러 언급해주신 불편한 기능들은 최대한 빠른시일 내에 편하게 이용하실 수 있도록 개선조치 하겠습니다. 감사합니다."
최세율,1,2020-07-22,12,전에 쓰던 이메일과 비번이 생각이 안나서 다른 이메일로 로그인 하려고 전번 입력하고 인증 했는데 전에 쓰던 아이디 있다고 해서 찾았는데 전체아이디를 보려면 전화 나 카톡 이라고 나오길래 카톡을 눌렀더니 전체 아이디는 보이지 않고 에이블리 채널? 이 나오던군요😠 어떻게 전체아이디를 보라는건지..;; 다른 이메일이나 카톡 네이버로 로그인을 할 수 가 없네요 실망이네요 깔았지만 지웁니다,"ABLY Corp., Inc.2020년 7월 27일안녕하세요 고객님, 에이블리를 이용해주셔서 감사합니다. 전체 아이디 확인이 필요하신 경우 에이블리 카카오톡 고객센터로 문의해주시면 됩니다. 확인 부탁드립니다. 감사합니다."
소희,1,2020-09-05,1,"일부 판매자들이 재고관리도 안되어있음 주문하고 기다렸는데.. 재고없다고 3일뒤에 취소당해서 다른곳에서 주문했는데 또 4일 뒤에 취소당함 시간, 쿠폰까지 날렸음 에이블리 고객센터에 문의하니 그냥 기계처럼 죄송하다고 답변함 판매자마다 케바케지만 작은곳은 배송빨리온다는생각, 재고가있을거란생각은 접는게좋음","ABLY Corp., Inc.2020년 9월 14일안녕하세요, 고객님! 에이블리를 이용해주셔서 감사드립니다! 판매자의 답변이 만족스럽지 않아 많이 답답하셨을 것 같습니다. 그런 상황을 방지하기 위해 문의에 대한 내용을 점수화하여 적절하게 답변하지 않는 판매자에게는 패널티를 적용하고 있으니 깊은 양해 부탁드립니다. 고객님께서 남겨주신 소중한 응원과 리뷰는 정말 큰 힘이 되고 있습니다. 소중한 응원에 힘입어 고객님께서 더욱 더 만족하실 수 있도록 노력하겠습니다. 늘 감사드려요. 많은 응원 부탁드립니다 :)"
요미,1,2019-09-07,7,무료배송이다 뭐다 당일발송 세일 페북에 광고 엄청뜨길래 한번 다운받고 주문해봤는데 배송 겁~~~~~~~~~~~~~~~~나 느립니다 무슨 해외 유럽에 시킨줄^^; 자기들은 자체배송이니 뭐니 시스템이 어쩌니 저쩌니 하면서 늦는걸 당연시 하던데ㅋㅋㅋ같잖아요 진짜ㅠ 아니 당일발송이래서 산건데 재고가 없어서 지연됐다면서 빨라도 9일날 공장이랑 얘기될거같담섴ㅋㅋㅋㅋ추석껴서 아마 느릴거라곸ㅋㅋㅋ장난하나 여기 진짜 제대로 된 마켓 1도 없구요 이런걸 왜 다운받았을까 후회중임ㅠ 검색해보니 아주 유명하더라구요 여름에 입으려고 나시쪼가리 시킨거 한달째 안온다 기본 이주이상이다 이러던데 다들ㅋㅋㅋㅋ진짜 말만 어쩌고하지말고 개선좀하세요; 전 이번에 옷 오면 바로 삭제할거에요 이거ㅋ..,"ABLY Corp., Inc.2019년 9월 10일안녕하세요 고객님! 에이블리를 이용해주셔서 감사드립니다! 먼저 이용에 불편을 드려 대단히 죄송합니다. 배송은 거래처의 사정으로 인해 다소 지연 될 수 있는 점 양해부탁드립니다. 좀 더 빠르게 배송 해드릴 수 있도록 여러가지 방면에서 해결책을 찾도록 하겠습니다. 다시한번 이용에 불편을 드려 죄송합니다."
왕왕,1,2020-11-04,1,"좋긴 좋아요 다른 곳보다 싼옷도 많고 근데 옷 하나는 한 달을 기다렸어요 근데 오늘 하 거래처에 사정이 있다고 그냥 취소되었네요ㅎ 환불계좌를 잘못 입력해서 이건 제 잘못이 맞지만 환불도 못 받는건지...,하나는 10월 18일에 시켰는데 아직도 상품준비중이네요 저는 진짜 그 상품이 너무 기대되어서 한 달동안 기다렸는데 그냥 취소라뇨 ㅋㅋㅋ 이런점은 고쳐주셨으면 좋겠어요 배송도요!",
너굴쯔는미쯔,1,2020-01-09,1,주문하고 주문내역보려구 눌렀더니 계속 인증오류?가 나서 주문이잘되었는지 확인을못해요. 로그아웃했다가 다시 로그인해도 다른기능은 다되는데 주문내역확인하기는 계속 오류가나요.,"ABLY Corp., Inc.2020년 1월 10일안녕하세요 고객님, 에이블리를 이용해주셔서 감사합니다. 먼저 이용에 불편을 드려 대단히 죄송합니다. 고객님의 앱 버젼이 2.6.1버젼인것으로 확인됩니다. 현재 최신버젼인 2.11.4 버젼으로 업데이트 부탁드립니다. 업데이트 이후에도 같은 문제가 발생하시는 경우 support@a-bly.com으로 다시한번 문의부탁드립니다. 감사합니다."
바귱서,1,2021-05-08,0,아니 갑자기 핸드폰 번호를 수정하라더니 수정했는데 안된다고 하는데 뭐 저는 사용하지 말라는건가요?,
응그래,1,2018-11-22,1,배송비 무료고 이런건 좋은데 무슨 990원행사할때마다 서버터지고 시간맞게 들어가도 백날 로딩만 걸리다 실패하네요 이것때문에 기다리다 시간만 버리고 주소만 입력하려고하면 렉먹고 그러는사이 품절되고 이렇게 스트레스받으며 구매할바엔 그냥 안사고 이용안하는게 낫겠어요,"ABLY Corp., Inc.2018년 11월 29일안녕하세요 고객님 우선 이용에 불편을 드려 진심으로 죄송합니다. 990원 상품 오픈 당시, 동시 결제 시도가 예상 수치보다 급증하여 정상적으로 구매가 어려운 현상이 발생했습니다. 추후 이벤트 진행 시, 더욱더 철저히 준비하여 편리한 쇼핑을 하실 수 있도록 최선을 다하겠습니다. 감사합니다."
S.B KIM,1,2019-09-14,4,허위광고 대박. 허위광고겠지 하면서 혹시나 하고 다운받았어요. 5만원 . 7만원 이상....이네요. 그런말은 결제할때 쿠폰에 써있네요~ 앞으론 이런 광고의 모든앱은 절대 다운받을일 없습니다. 곧바로 삭제 고고. 옷이 이뿌거나 저렴한것두 아닌게 이런옷 다른곳에서 다 팔고 가격도 매력없어요.,"ABLY Corp., Inc.2019년 9월 17일안녕하세요 고객님, 실망시켜 드려 대단히 죄송합니다. 늘 고객님들께 더 좋은 서비스를 제공해 드리기 위해 노력하고 있으니 양해 부탁드리겠습니다. 앞으로 고객님께서 더 편리하고, 만족스러워하실 수 있는 이벤트와 프로모션 준비하여 더 발전해나가는 에이블리 되겠습니다. 다시 한 번, 불편함과 실망감 드리게 되어 죄송하다는 말씀드립니다. 감사합니다."
홍은지,1,2019-11-27,0,첨엔 모아보기 좋아서 썼고 에이블리에서 한번에 배송에 무배라서 첫주문했는데 그냥 배송비 내고 따로 하는게 나을듯하네요 배송이느린게아니라 몇일째 상품만 준비중임 그래서 문의넣었더니 기본적으로 상품준비하는데 3~7일 걸린다고 하네요 무슨 인터넷쇼핑이 2주를 기다려야 받을수있나요 그냥 지그** 다시 돌아가서 배송따로 각 쇼핑몰이 하는게 나을듯 ㅡㅡ 보통 인터넷주문해도 늦어도 일주일인데 그래서 약속 일주일전에 주문한건데 그냥 취소 다신 안써요 이어플,"ABLY Corp., Inc.2019년 11월 29일안녕하세요 고객님, 에이블리를 찾아주셔서 감사합니다. 먼저 이용에 불편을 드려 대단히 죄송합니다. 에이블리를 찾아주시는 고객님들께서 늦는 배송에 대해 많이 아쉬워하는 점을 내부적으로도 매우 심각하게 받아들이고 있습니다. 가장 시급하게 해결해야할 과제라고 생각하고 최선을 다해 배송 시간을 개선하기 위해 노력하겠습니다. 감사합니다."
손성아,1,2019-08-01,76,물건이 품절되면 기본적으로 제가이용했던 모든쇼핑몰에서 유선으로 고객에게 전화연결을 시도합니다 고객에게 상품이 없다고 말을 전달하고 죄송하다고 하죠 여기는 품절된상품도 고객센터전화도 불가한 밤8시이후에 톡으로달랑 연락옵니다 처음엔그냥넘어갔습니다 다음날물건 다른상품으로 바꿔서보내달라고했습니다 며칠뒤 다시 6시가넘은시간에 품절이라고 톡만덜렁오네요 적어도 물건이 한번 품절되면 다음에제가원하는 물건에 대한 재고는 확인하구 교환신청받지않나요? 아예다른제품도아니고 색상만 바꾼건데? 그정도도 확인안하고교환하시겠냐고물어보셔서 교환하니 3일만에 품절이라고 또 고객센터 전화 연결도안되는시간에 톡보내시는건 기본적인 운영방식이 매우잘못된거같아요^^,"ABLY Corp., Inc.2019년 8월 6일안녕하세요 고객님, 실망시켜 드려 대단히 죄송합니다. 늘 고객님들께 더 좋은 서비스를 제공해 드리기 위해 노력하고 있으니 양해 부탁드리겠습니다. 앞으로 고객님께서 더 편리하고, 만족스러워하실 있도록 더 발전해나가는 에이블리 되겠습니다. 다시 한 번, 불편함과 실망감 드리게 되어 죄송하다는 말씀드립니다. 감사합니다."
초코빵,1,2019-10-02,0,"문의게시판이 공개적으로 되어있지않고, 그래서인지 판매자들이 주문취소 문의를 한다거나해도 무시하고 늦게 보낼때도있음. 가입해도 주는혜택이 거의 없음( 무쓸모) 처음쓰는앱 5만원이상 구매시 쿠폰할인. 누가 첨부터 그렇게 사나요? 몇번 사다가 자기한테 맞으면 그렇게 사는거지. 모 앱처럼 액수상관없이 쓰는 포인트를 주던지... 첨엔 애용 많이 했고 20정도 쓴거같은데 단점이 보이고 혜택도 거의없으니 갈아타려구요. 아주가끔 서치용도로만 쓸예정","ABLY Corp., Inc.2019년 10월 7일안녕하세요 고객님, 에이블리를 찾아주셔서 감사합니다. 먼저 이용에 불편을 드려 죄송합니다. 늘 고객님들께 더 좋은 서비스를 제공해 드리기 위해 노력하고 있으니 양해 부탁드리겠습니다. 앞으로 고객님께서 더 편리하고, 만족스러워 하실 수 있는 이벤트와 프로모션 준비하여 더 발전해나가는 에이블리 되겠습니다. 감사합니다."
솛솛,1,2019-09-14,98,답변 좀 느린거 같네요.. 계속 결제 안되다가 안될 줄 알고 다른거 결제 눌렀더니 바로 결제완료 ... 지금 돈은 급급한데..ㅠㅠㅠ 얼른 환불받고 삭제하고 싶네요. 이번이 두번째로 다시 까는건데 둘다 실망만 큽니다. 다시는 다운로드 안합니다;,"ABLY Corp., Inc.2019년 9월 17일안녕하세요 고객님, 실망시켜 드려 대단히 죄송합니다. 늘 고객님들께 더 좋은 서비스를 제공해 드리기 위해 노력하고 있으니 양해 부탁드리겠습니다. 앞으로 고객님께서 더 편리하고, 만족스러워하실 수 있는 이벤트와 프로모션 준비하여 더 발전해나가는 에이블리 되겠습니다. 다시 한 번, 불편함과 실망감 드리게 되어 죄송하다는 말씀드립니다. 감사합니다."
나영,1,2019-03-05,23,진짜 별하나도 아깝다 사고 일주일 넘도록 기다렸는데 상품준비중이더니 갑자기 품절이라고 재입고 될때까지 기다리라고 하면다에요? 주문하기전에 품절이라고 말하는게 기본아닌가요;; 진짜 기분나쁘네요 진짜 여기이용거 비추천이에요,"ABLY Corp., Inc.2019년 3월 7일안녕하세요 고객님, 먼저 이용에 불편을 드려 대단히 죄송합니다. 일부 마켓 상품의 경우 주문이 급격히 증가하여 배송이 지연되거나 해당 거래처의 사정으로 인해 갑자기 품절 되는 경우가 있습니다. 다시 한번 진심으로 죄송하다는 말씀드리며 다음부터는 고객님께서 더 만족하실 수 있도록 더욱 노력하겠습니다. 감사합니다."
주다사랑해,1,2020-06-01,0,환불도 정말 늦고 사진이랑 달라요ㅋㅋㅋㅋ 이번에 큰맘먹고 좀 싼곳에서 구매한건데 배송비만 날렸네요. 무신사가 더 대응이 빠르고 좋은거 같네요ㅋㅋㅋㅋ 괜히 5천원 날리고 이게 뭡니까 이게 질도 안좋은 옷을 저 가격에 팔다니.. 그런 옷들은 단가 몇천원 밖에 안하게 생겼는데 아주 사기네요,"ABLY Corp., Inc.2020년 6월 1일안녕하세요 고객님, 실망시켜 드려 대단히 죄송합니다. 늘 고객님들께 더 좋은 서비스를 제공해 드리기 위해 노력하고 있으니 양해 부탁드리겠습니다. 앞으로 고객님께서 더 편리하고, 만족스러워 하실 수 있도록 더 발전해나가는 에이블리 되겠습니다. 감사합니다."
Google 사용자,1,2019-02-03,36,상세설명이랑 더보기? 가 안보입니다 그냥흰화면이에요 업데이트가안됬나해서 다시 깔았는데도 똑같구 로그아웃을해봐도똑같이 흰화면입니다 상품을 재대로보지못해서 아쉽네요 빨리 제발 빨리 고쳐주세요 읽지도않고 무시하지말고 읽었으면 빠른시일내에 고쳐주시길바래요,"ABLY Corp., Inc.2019년 2월 7일고객님 안녕하세요:) 우선 불편함을 드려 진심으로 죄송합니다. 현재는 상세페이지 오류건이 수정 된 상태입니다ㅠㅠ 앱을 업데이트 해주시면 다시 편하게 사용 가능하십니다. 다시 한번 불편함을 드려 진심으로 죄송합니다!"
Hyesoo Shin,1,2020-04-03,22,고객대응이 최악이네요~ 신규가입이벤트로 구매한 제품이 한달넘게 지연되다가 결국 취소처리됐네요.. 그러고나서 이벤트 쿠폰은 재적용 안된다고하고 그냥 끝이네요.. 이벤트로 낚아서 신규고객 유치만 하면된다는 식인가요???,"ABLY Corp., Inc.2020년 4월 6일안녕하세요 고객님, 실망시켜 드려 대단히 죄송합니다. 늘 고객님들께 더 좋은 서비스를 제공해 드리기 위해 노력하고 있으니 양해 부탁드리겠습니다. 앞으로 고객님께서 더 편리하고, 만족스러워 하실 수 있도록 더 발전해나가는 에이블리 되겠습니다. 감사합니다."
무췸도라지,1,2020-12-20,10,아니 에이블리 일처리 왜이렇게 늦어요? 문의해도 하루안에 답장 온다고 되어있는데 안오면 어쩌라는 거죠? 무통장입금으로 했는데 주문취소 됬길래 고객센터 들어가보니까 고객이 원하는대로 처리해준다고는 되어 있는데 빨리빨리 처리해줘야지 다시 취소된 상품을 구매를하든 뭐를 하죠..;;,
이민석,1,2020-03-16,3,별하나주기도 아깝네요 8시부터 9시 50분까지 무슨 장난치는것도아니고 서버상태 왜이런가요? 거의 2시간가량동안 제품들 보고 고르고 구매하는 것은 커녕 사이트조차도 안들어가지는데? 제발 술집이나 노래방에서 술드시고 클럽가실시간에 제발 사이트관리나 인원수나 서버를 감당할수있게 고쳐주시든지요 만원 이만원도아니고 이게뭐죠 그냥 화만나네요,"ABLY Corp., Inc.2020년 3월 17일안녕하세요 고객님, 에이블리를 이용해주셔서 감사합니다. 먼저 이용에 불편을 드려 대단히 죄송합니다.이벤트로 인해 많이 사용자가 집중되어 서버가 일시적으로 다운되었으며 다운된 즉시 대응에 돌입하였습니다. 현재는 정상적으로 이용가능하오니 깊은 양해 부탁드립니다. 미흡한 준비에 대해서 다시한번 죄송하다는 말씀을 드리며 앞으로 더욱 발전하는 에이블리가 되겠습니다. 감사합니다."
Google 사용자,1,2019-01-07,2,계산에 너무 불편해요. 쿠폰 사용하기 전에는 계산 잘만되다가 쿠폰누르니까 계산할때 난잡해지네요. 참다참다가 너무 화나서 리뷰남겨요. 진짜 이렇게 불편한 앱은 처음이네요.,"ABLY Corp., Inc.2019년 1월 8일안녕하세요 고객님 우선 이용에 불편함을 드려 죄송합니다. 자세한 불편사항은 게시판에 남겨주시면 개선해보도록 하겠습니다:) 다시한번 이용에 불편함을 드려 죄송합니다"
김보니,1,2020-11-03,1,업체관리가 안되는게 아쉽네요 뭐하나시키면 배송지연을 기본을깔고들어가야되고 품절된건 일주일을 기다렸건 3일을기다렸건 연락도없이 취소처리되는데 에이블리 문의하니 에이블리에하는게아니라 마켓에서 처리하는거라는 말뿐이라 재이용하고싶은 마음이 없음ㅎㅎ,
김주현,1,2020-11-16,5,브랜디보다 쿠폰도 별로고 무엇보다 상품문의할때마다 너무 불편하네요 문의가 카톡식으로만 되다보니 문의하기도 힘들고 답변이 너무너무너무 느려요 세월아네월아... 브랜디보다 이용은 잘 안하게되네요 .. 문의하는거는 개선 좀 해야할듯요,
가람,1,2019-05-30,177,판매자 배송 너무느리고 문의해야 배송지연이라고 답글달고 발송예정일 써놓고 그 마저도 약속안지킴. 어제도 문자 달랑 와서 배송이 더 지연됐다고..ㅎ 물건이 없으면 팔지를 말던가 배송지연이라고 공지를 띄우던가ㅡㅡ 다른곳에서 더저렴히 파는거 보고도 어짜피 여기서 먼저 시킨거 배송 더빨리오는걸로 만족하고 환불안하고 기다리고 있었는데 계속 배송지연ㅎㅎㅎㅎㅎ 오늘도 발송안하면 환불할거고 다른쇼핑몰 더 저렴한곳에서 재구매 할 것임. 그리고 두 번 다시는 이 어플 이용 안할것같음,"ABLY Corp., Inc.2019년 6월 5일안녕하세요, 고객님! 이용에 불편을 드려 죄송합니다. 일부 마켓 상품의 경우 주문이 급격히 증가하거나 거래처의 사정으로 인해 배송이 지연되는 경우가 있습니다. 다시 한번 진심으로 죄송하다는 말씀 드리며 다음부터는 고객님께서 만족하실 수 있도록 더욱 노력하는 에이블리가 되겠습니다. 감사합니다."
세레니티,1,2019-08-15,57,앱이그냥 쓰레기같아요 무슨 방금1초전에 주문한걸 수정이나 취소하려면 글을써야되고 고객센터에 전화를 해야됨 ㅋㅋ90년대 앱인가요?ㅋㅋ글을썼다쳐도 바로 답변이 있는것도아니고 내가쓴 글 삭제 수정도 못함.오늘 한개 주문한거 옵션 변경하려고 했더니 과정이 너무 귀찮아서 그냥 받고 앱 삭제할거임,"ABLY Corp., Inc.2019년 8월 19일안녕하세요 고객님, 에이블리를 찾아주셔서 감사합니다. 먼저 이용에 불편을 드려 대단히 죄송합니다. 고객님께서 불편하다고 느끼신 부분들을 개선하기 위한 논의들을 진행해보도록 하겠습니다. 감사합니다."
임연우,1,2021-05-11,0,옷치수 보고 꼼꼼히 다체크해서 주문했는데 뭐죠ㅋㅋ다 크거나 더럽게작네ㅋㅋ,
이도현콧대미끄럼틀주르륵,1,2020-12-21,11,제가 글리터지갑을 샀는데요 입금 후 결제를 했습니다 거의 동시에 했다한거 처럼 입금 후 결제를 눌렀는데요 주문취소가 되었고 환불도 온게 없도 미환불이 뜹니다 고객센터에 전화를 해보아도 사람이 많아서 통화가 불가하다고 뜨네요 그 외에 뭐 입금자명 등 다 틀린거 없이 했습니다 사전에 뭐 따로 입금이나 결제방법이 있었던 것도 아닌데 이러니까 당황스럽네요 아니면 항목을 누르고 결제를 들어갈 때 방법이라도 알려주시면 더 나을거 같아요 최대한 빠른 조치 부탁드려요,
안지선,1,2019-12-09,0,옷 살때마다 한두군데도 아니고 옷이 있지도 않으면서 상품 올려놓고 주문하고 3 4일 지나서 문의넣어야지만 지연됐다고 답해주고 옷 살때마다 일주일은 무슨 이주정도 걸려야된다고 두리뭉실하게 대답.. 이젠 에이블리에이용은 걸러야겠단 생각밖에 안들거같아요 어떤 마켓에서 사든 다 일주일정도 걸려야 입고되고 순차적으로 배달된다고그러고 옷사고 이주걸려서 오는데 뭐하러 이용해요? 배송잘해주는 마켓찾아서 택배비내고 빨리 받거나 집접사러가지..,"ABLY Corp., Inc.2019년 12월 10일안녕하세요 고객님, 에이블리를 찾아주셔서 감사합니다. 먼저 이용에 불편을 드려 대단히 죄송합니다. 에이블리를 찾아주시는 고객님들께서 늦는 배송에 대해 많이 아쉬워하는 점을 내부적으로도 매우 심각하게 받아들이고 있습니다. 가장 시급하게 해결해야할 과제라고 생각하고 최선을 다해 배송 시간을 개선하기 위해 노력하겠습니다. 감사합니다."
이노스케,1,2020-06-18,2,역시 페이스북 광고 많이 뜨는건 믿으면 안된다는 이유를 알 것 같기도. 옷 사는 어플중에 제일 짜증났던 어플이다. 처리해주는 속도 너무 느리고 돈도 없고 상황도 급한데 품절 안띄워놓고선 기껏 비싼 돈 내가며 주문 했더니 갑자기 품절이라며 죄송하단 말도 하는 사람없이 주문취소 처리되고 환불처리 됐다면서 환불 바로 안해주고 최소 3일?? 진짜 어이가 없어서..다른데서 주문하고 싶어도 돈을 이렇게 늦게주다니~다시는 에이블리 안쓰겠습니다! 실수로 주문취소 한 것도 바로 처리 안되고 어렵다고만 하는 곳도 여기서 처음봤고 문의를 해도 왜인지 모를 동문서답에 띠꺼운 대답이라..하도 페북광고 떠서 에이블리 깔고 주문한건데 그냥 원래 쓰던 브랜디나 써야지 어휴,"ABLY Corp., Inc.2020년 6월 19일안녕하세요 고객님, 에이블리를 이용해주셔서 감사합니다. 환불처리가 완료되면 결제수단 별로 환불되는 시간이 모두 다릅니다. 해당 내용은 환불 처리시 알림톡으로 안내드렸으며 소요되는 시간에 대해서는 결제수단 별 고객센터로 문의 부탁드립니다. 감사합니다."
아가현,1,2019-11-14,7,"어플이 들어가지지않아요. 인터넷연결이 안좋다고 다시시도하라해서 데이터로도 와이파이로도 안돼요. 재설치만 5번째인데 왜이런거에요? 다른 어플은, 게임도 유툽도 버퍼링없이 너무 잘돌아가느데 이 어플은 왜 안되는거죠?","ABLY Corp., Inc.2019년 11월 15일안녕하세요 고객님, 에이블리를 찾아주셔서 감사합니다. 먼저 이용에 불편을 드려 대단히 죄송합니다. 앱을 최신버젼인 2.8.2 버젼으로 업데이트 부탁드립니다. 업데이트 이후에도 같은 문제가 발생하시는 경우 support@a-bly.com으로 문의해주시면 감사하겠습니다."
yanggung ddom,1,2019-11-17,82,앱 사용하려고 깔았는데 왜 자꾸 네트워크 연결이 안돼있다고 하면서 들어가지지질 않나요;; 깔았다 지웠다 하는것도 수도 없이 해봤는데 안되네요 분명 와이파이도 잘 터지는데 혹시나 해서 데이터 사용해서 들어가 봤는데도 안되고 네트워크 연결이 안돼있다고 하네요 빨리 오류 수정 부탁드립니다.,"ABLY Corp., Inc.2019년 11월 18일안녕하세요 고객님, 에이블리를 찾아주셔서 감사합니다. 먼저 이용에 불편을 드려 대단히 죄송합니다. 앱 사용시 접속되지 않는다는 사례가 제보되고 있어 해당 오류들을 지속적으로 개선 및 처리하고 있습니다. 최대한 빠른 시일 내에 문제를 해결하여 불편함 없이 앱을 사용하실 수 있도록 하겠습니다. 감사합니다."
권지혜,1,2021-05-11,0,진짜 배송 겁나느려요 광고바꿔요 뭔1~2일이에요 4일넘도록안오는데,
혜영,1,2020-02-10,19,분명 상품준비중에 주문취소를 눌렀는데 왜 멋대로 갑자기 발송시키시는지 모르겠네요ㅋㅋㅋ분명 취소를 했는데도 택배 보내고.. 이래놓고 반품하려고 하면 택배비는 제 돈으로 빠져나가겠죠? 제발.. 진짜 일처리 좀 똑바로 해줘요 제발요,"ABLY Corp., Inc.2020년 2월 14일안녕하세요 고객님, 에이블리를 이용해주셔서 감사합니다. 먼저 이용에 불편을 드려 대단히 죄송합니다. 상품준비중에 취소하는 경우 상품의 준비상태에 따라 발송될 수 있습니다. 상품준비중에 취소를 원하시는 경우 위와같은 사태를 방지하고자 판매자와 꼭 상담을 해주시면 감사하겠습니다."
peppa pig,1,2021-04-01,1,버튼을 누르면 로딩이 돼서 10초정도 기다려야돼요 빨리빨리 눌러지면 좋겠습니다;,
mong na,1,2020-10-17,3,배송이 심하게 느림ᆢ에이블리의 문제인지 쇼핑몰쪽의 문제인지는 모르겠으나 똑같은 무배로 광고하는 브랜디는 배송 굉장히 빠르고 에이블리에서는 주문할때마다 세월아 네월아 하고있음ᆢ걍 같은상품 브랜ㄷ에서 사겠음 별 1개도 아깝다 이거에요,
ᄏᄏᄏ,1,2019-02-27,0,별 한개도 아까움 상품도 다 그저그렇고 무엇보다 배송이 너무 느림 입금확인이 일주일 이상지낫는데도 상품준비중이라그러고 진짜 좋은 점은 배송비 안드는게 그것만 좋음 주문한 것만 오면 당장 탈퇴하고 다신 이 어플 안쓸듯 진심 최악이네요,"ABLY Corp., Inc.2019년 3월 5일안녕하세요 고객님, 먼저 이용에 불편을 드려 대단히 죄송합니다. 일부 마켓 상품의 경우 주문이 급격히 증가하여 배송이 지연되거나 해당 거래처의 사정으로 인해 갑자기 품절 되는 경우가 있습니다. 다시 한번 진심으로 죄송하다는 말씀드리며 다음부터는 고객님께서 더 만족하실 수 있도록 더욱 노력하겠습니다. 감사합니다."
이연주,1,2020-10-25,21,제가 처음 사볼려고 이앱을 깔고 주문을했어요.그리고 은행에 가서 입금을 했는데 입금자명이 아니라고 메세지로 오네요.입금자명을 제대로 했는데 입금자명이 다르다고 하니 너무 빡쳐요.하루가 지나니까 주문이 취소되버렸구요 주문이 취소됐으면 다시 입금을 해줘야하는거 아닌가요?지금 그냥 옥상에서 10만원 팍!뿌린느낌이 나네요.지금 별 1개 주는것도 아깝네요.에이블리에서 일하시는분들 좀 제대로 일하세요.이게 무슨경우입니까,
성은재,1,2019-01-27,0,"캬~ 별 한개도 아깝네요. 가입하려니까 이미 가입된 번호라고 하고, 이름과 전화번호만 넣는 아이디찾기에서는 회원 정보가 없다고 하고, 문의 넣으려니까 로그인해야 한다고 하고. 뭐 쓰라고 만든 앱은 맞습니까 ㅋㅋㅋ","ABLY Corp., Inc.2019년 1월 28일안녕하세요 고객님! 우선 에이블리를 이용하는 데 불편함을 느끼게 해드려 정말 죄송합니다ㅠㅠ! 현재 회원가입문제에 있어서 오류가 없기때문에, 에이블리 고객센터(1833-8021)로 전화주시면 빠르고 친절하게 답변해 드리겠습니다. 감사합니다!"
주강,1,2020-06-15,0,"어떤 제품 내구성때문에 피해를봐서 판매자에게 연락했는데 어쩌라고식으로 대응하고 에이블리에도 이런이런피해를봤다고 문의했는데 판매자측이랑 연락하라고 나몰라라하는모습이 참..보기안좋았다. 바쁜건알겠지만 서비스, cs부분좀 신경써야할듯","ABLY Corp., Inc.2020년 6월 19일안녕하세요 고객님, 실망시켜 드려 대단히 죄송합니다. 늘 고객님들께 더 좋은 서비스를 제공해 드리기 위해 노력하고 있으니 양해 부탁드리겠습니다. 불편을 겪으신 내용을 좀 더 상세히 support@a-bly.com으로 전달해주시면 내용 확인 후 적절한 조치를 취하도록 하겠습니다. 앞으로 고객님께서 더 편리하고, 만족스러워 하실 수 있도록 더 발전해나가는 에이블리 되겠습니다. 감사합니다."
황금전자,1,2020-05-12,0,별점 한개주기도 아깝네요 ㅋ 배송기간도 개오래걸리고 하루안에 안오더라도 2일3일이면 와야되는거 아니에요 ?? ㅋㅋㄹㅋㄹㅋ 아니 4일이 지난 오늘 아직도 상품준비중이라는게 말이되요 ?? 그리고 5월15일날 입고 된다는게 뭔소리야 3일이나 더 기달리라고 ?? 미쳤어요 ?? 그때동안 뭔짓거리하는데 싱품을 계속 준비중이에요 웃음밖에 안나오네 ㅋㅋㅋㅋㅋㅋㅋ 이번주 토요일날 당장 입어야하니깐 토요일 아침 1시까지 보내줬으면 좋겠네요 ^^^^^^^,"ABLY Corp., Inc.2020년 5월 15일안녕하세요 고객님, 에이블리를 찾아주셔서 감사합니다. 먼저 이용에 불편을 드려 대단히 죄송합니다. 에이블리를 찾아주시는 고객님들께서 늦는 배송에 대해 많이 아쉬워하는 점을 내부적으로도 매우 심각하게 받아들이고 있습니다. 적절히 배송하지 못하는 마켓은 배송에 대한 내용을 점수화하여 패널티를 적용하고 있으며 상품 상세페이지에 평균 배송일자를 안내해드리고 있으니 주문시 참고 부탁드립니다. 감사합니다."
701 samsung,1,2020-12-17,26,아니 전국 무료배송인데 제주만 빼고는 또 뭐야;; 실재론 제주까지 배송하는데 500원밖에 안든다는데 기존 배송비3000 내고 다시 나중에 와서 또3000원 입금하라는...;; 아니 무료배송이라며;; 그리고 실재로 500원만 하는 배송비 그냥 그렇게만 받죠? 배송비 무서워 옷 못 사겠어요. 다른건 다 좋습니다.,
남기순,1,2021-01-21,1,사고싶은 옷 있어서 포인트 열심히 모았더니 10%만 사용 가능이네.. 고쳐주세요...,
얌미,1,2020-11-25,4,반품처리 제대로 안해주네요 반품보낸지 열흘이 지났는데도 업체는 연락두절이고 에이블리에서 조취도 없고 뭐하는건지요? 먹튀당한건가요? 수많은 쇼핑몰 이용해봤는데 이렇게 무책임한곳은 처음보네요,
혜짱,1,2019-12-17,2,"요즘같은 총알배송 시대에 배송은 겁나게×2 느리지, 일주일넘게 기다리는데 발송날짜 약속하고도 배송지연으로 또 미루지, 문의같은건 다 프라이빗하고 후기도 없지~ㅋ 물건받고 바로 탈퇴하고 삭제할 앱.","ABLY Corp., Inc.2019년 12월 20일안녕하세요 고객님, 에이블리를 찾아주셔서 감사합니다. 먼저 이용에 불편을 드려 대단히 죄송합니다. 에이블리를 찾아주시는 고객님들께서 늦는 배송에 대해 많이 아쉬워하는 점을 내부적으로도 매우 심각하게 받아들이고 있습니다. 가장 시급하게 해결해야할 과제라고 생각하고 최선을 다해 배송 시간을 개선하기 위해 노력하겠습니다. 감사합니다."
김형일,1,2019-07-01,0,하도 페북에 광고 뜨길래 예쁜옷이 많나 싶어서 깔았는데 개인적으로 계속 봤지만 정말 맘에드는 옷이고 없고 정말미안한말이지만 옷이다촌스럽고 지금까지 이런어플중에서 제일 괜찮은 찜할만한옷도 없음 아무리찾아봐도 살만한게 없어서 걍 삭제,"ABLY Corp., Inc.2019년 7월 17일의견 감사합니다, 고객님! 고객님의 의견을 반영하여 좀 더 발전하는 에이블리가 되도록 노력하겠습니다. 감사합니다."
에몽아사랑해,1,2020-12-01,34,이거 설치하지 마세요😡 제가 옷을 무통장입금으로 결제를 해서 은행 가서 입금했더니 입금확인 문자가 안 오는 거예요 그래서 에이블리 고객센터에다가 문의를 했는데 에이블리고객센터에다가 문의하래요 뭔 말인지..:; 그래서 보내신 번호로 전화를 해야 되나요?라고 여쭤봤더니 답장도 안 오네요ㅋ,
장미향,1,2019-11-18,0,아니 옷을 3개 샀는데 1개만왔어요 카톡보니까 지연됐데요 그 다음 바로 배송됐다고 떴는데 4일동안 안왔어요 그래서 배송추적을 했는데 3개다 보냈다고 떳드라구요 저는 1개만 받았는데 7만원넘개썼는데 옷도 안보내주고 문의했는데 연락준다면서 3일지나도록 연락도없고 아오!! 화나네;; 난 옷 1개밖에 안받았는데 3개다 배송완료되서 추적도 안돼고고 옷을 주든지 돈을주든지 문의도 안보고 아휴....;;;;,"ABLY Corp., Inc.2019년 11월 18일안녕하세요 고객님, 에이블리를 찾아주셔서 감사합니다. 먼저 이용에 불편을 드려 죄송합니다. 주문번호를 전달해주시면 확인 후 안내드리겠습니다. 개인정보보호를 위해 support@a-bly.com으로 전달해주시면 감사하겠습니다."
0914 PJG,1,2019-06-07,14,배송지 입력좀;; 배송지를 입력해야 옷을 사든말든 하지않나요? 우편번호 검색도 안돼는데 앱 점검 하셔야하지않을까요;; 우편번호 검색창조차 안뜨는데 어떻게 옷을 사라는건가요,"ABLY Corp., Inc.2019년 6월 13일안녕하세요, 고객님! 이용에 불편을 드려 대단히 죄송합니다. 해당 오류 사항은 현재 수정 되었으며, 에이블리 어플을 최신 버전으로 업데이트 해주시면 이용 가능하십니다. 이용에 불편을 드려 정말 죄송합니다. 앞으로 더 편리하게 이용하실 수 있도록 노력하겠습니다. 감사합니다."
김예삐,1,2019-12-12,0,지금까지 에이블리 옷 70만원 넘게 구입한 후 쓰는 후기임 일단 배송 개인마켓에서 에이블리로 옷을 보내면 다시 고객에게 오는 방식임 그래서 더럽게 오래걸리고 오래걸리는것때문에 고객센터 전화하면 고객응대 개판임 입고지연이라고 몇날 몇일 기다리게해놓고 일주일뒤에 품절이라고 카톡으로 환불 통보함 ㅋㅋ70만원치 사는동안 제대로 받은 옷이 없음..앱 삭제 하러갑니다~👋,"ABLY Corp., Inc.2019년 12월 13일안녕하세요 고객님, 에이블리를 찾아주셔서 감사합니다. 먼저 이용에 불편을 드려 대단히 죄송합니다. 에이블리를 찾아주시는 고객님들께서 늦는 배송에 대해 많이 아쉬워하는 점을 내부적으로도 매우 심각하게 받아들이고 있습니다. 가장 시급하게 해결해야할 과제라고 생각하고 최선을 다해 배송 시간을 개선하기 위해 노력하겠습니다. 감사합니다."
김보똥,1,2019-07-01,181,상품 결제 완료하고 나서 배송시작 전엔 취소할 수 있어야 하는데 그것도 꼭 고객센터 통해서 해야 하거나 내가 직접 판매자한테 연락해야 됨; 개불편;; 그리고 상품살 때 쿠폰쓰면 그 상품 취소해도 쿠폰은 다시 안 돌려줌 ㅋㅋ 개쪼잔 한번 사기로 결정하면 무조건 사야되나봄 ㅋㅋ,"ABLY Corp., Inc.2019년 7월 10일안녕하세요, 고객님! 먼저 에이블리를 이용해 주셨는데 불편을 드려 너무 죄송합니다. 고객님께서 불편을 느끼셨던 해당 부분을 반영하여 이용에 좀 더 편리할 수 있도록 수정하겠습니다. 늘 고객님들께 보다 좋은 서비스를 제공해 드리기 위해 노력하고 있으니 양해 부탁드리며, 앞으로 더 노력하는 에이블리가 되겠습니다. 감사합니다."
이유진,1,2020-02-07,1,하도 택배가 안오길래 사이트에 들어가봤더니 취소예정이라고 써있더군요...취소예정이라는 걸 문자로 알려주고 취소완료로 가야지 취소완료가 뜨고 나서 알려주면 어떻합니까? 문자하나없이 취소예정이란걸보고 당황했습니다. 일 처리 제대로 해주세요.,"ABLY Corp., Inc.2020년 2월 10일안녕하세요 고객님, 실망시켜 드려 대단히 죄송합니다. 고객님께서 불편을 겪으셨던 주문번호를 support@a-bly.com으로 보내주시면 주문내역 확인 후 입점마켓에 패널티 부여하도록 하겠습니다. 늘 고객님들께 더 좋은 서비스를 제공해 드리기 위해 노력하고 있으니 양해 부탁드리겠습니다.  앞으로 고객님께서 더 편리하고, 만족스러워 하실 수 있도록 더 발전해나가는 에이블리 되겠습니다. 감사합니다."
졍쨘,1,2019-06-28,4,페이스북으로 로그인하려는게 안되요. 아이디 비번 찾기 다 안되고 다시 가입하려해도 이미 등록된 번호라며 가입이 안되네요. 로그인이 안되니 진짜 불편해요.,"ABLY Corp., Inc.2019년 7월 5일안녕하세요 고객님, 먼저 이용에 불편을 드려 대단히 죄송합니다. 회원가입은 동일한 휴대폰 번호로 가입할 수 없기 때문에 이전에 가입한 이력이 있거나 동일한 번호로 타인이 가입한 경우 가입이 되지 않을 수 있습니다. 해당 내용을 확인 하기 위해서 휴대폰 번호가 필요합니다만 개인정보 보호를 위해 고객센터나 가입하려는 메일 주소와 휴대전화 번호를 support@a-bly.com 주소로 보내 주시면 확인 도와드리겠습니다. 감사합니다 :)"
묘운,1,2019-09-02,19,"별1개도아까움.. 상품도 없으면서 올려놓는 판매자가 왜그리 많은건지... 구매하고 취소되고가 무한반복... 진짜, 지그재그보다 더함. 정말 잘 생각해보세요...","ABLY Corp., Inc.2019년 9월 2일안녕하세요 고객님, 실망시켜 드려 대단히 죄송합니다. 늘 고객님들께 더 좋은 서비스를 제공해 드리기 위해 노력하고 있으니 양해 부탁드리겠습니다. 앞으로 고객님께서 더 편리하고, 만족스러워하실 수 있는 이벤트와 프로모션 준비하여 더 발전해나가는 에이블리 되겠습니다. 다시 한 번, 불편함과 실망감 드리게 되어 죄송하다는 말씀드립니다. 감사합니다."
배민교,1,2020-11-06,23,친구들이 에이블리 추천해서 주문도해보고 배송도 받아봤는데요. 업체선별이 참 별로네요ㅡㅡ 전화도 안받고 문의 넣어준다고 해놓고 기달리라는 말만 일주일째 결국 환불처리하고 회원탈퇴하고 지워버렸어요. 상담도 별로고요. 비비비비추천입니다!!!,
박소정,1,2019-09-06,2,무료배송인척하더니 반품하려니까 반품비 5000원을 달라고하네 이걸 알았으면 처음부터 안샀지... 그리고 배송 너무 느림 @월 @일 순차배송이라고 써있어서 구매했더니 예정일이 지나도 안와서 언제오냐고 문의했더니 쌓아두고 판매하는게 아니라~~이러면서 언제 보내줄지 지들도 모르겠다고하니 아주 답답...,"ABLY Corp., Inc.2019년 9월 6일안녕하세요 고객님! 에이블리를 이용해주셔서 감사드립니다! 먼저 이용에 불편을 드려 대단히 죄송합니다. 배송은 거래처의 사정으로 인해 다소 지연 될 수 있는 점 양해부탁드립니다. 좀 더 빠르게 배송 해드릴 수 있도록 여러가지 방면에서 해결책을 찾도록 하겠습니다. 다시한번 이용에 불편을 드려 죄송합니다."
쩐이전쟁,1,2020-11-09,2,한달 가까이 배달이 안되도 에이블리측에서는 한마디 말도없습니다. 너무나 황당한 앱이라 생각이들고 한마디만 남기고 갑니다. 별 하나도 많이 남기네요 고객들이 있기에 에이블리 마켓이 존재합니다.,
a h,1,2020-06-16,0,환불계좌번호를 왜해야되는지 몰르겠네요 계좌번호가 노출될수도 있는데 그걸 어떻게 믿고 옷을 사야할지 참..ㅠㅠ이쁜옷은 많은데 계좌번호 때문에 걱정되서 옷을 못사겠네요 환불계좌를 바꿔주든지 없애주든지 어케라도 좀해주시길 봐래요..ㅠ,"ABLY Corp., Inc.2020년 6월 19일안녕하세요 고객님, 에이블리를 이용해주셔서 감사합니다. 환불 시 계좌번호는 결제 수단의 승인취소가 불가한 경우를 대비해 입력받고 있으며 해당 정보는 정보보안에 만전을 기하고 있습니다. 더불어 불편하신 절차는 조만간 개선될 예정이오니 양해부탁드립니다. 감사합니다."
정예빈,1,2020-05-26,0,상품준비중만 3일 계속 떠있고 택배사에 보내는 기미가 보이지 않아 문의도 했지만 어느정도 걸릴지 답자체 이전에 그냥 문의에 답장이 없네요 그냥 빨리 처리못하겠다면 차라리 미리 오래걸리고 얼마나 오래걸리는지 확실히 표시하고 지키셨음 하는 바램이 있습니다 그런쪽이 확실하지 않은게 답답합니다 옷이 너무 늦게와서 다음부터는 아에 2주전부터 알아봐야지 안되겠네요 지금 주문해놓은 옷들도 취소시키로 다른곳에서 사야하나 고민 중입니다....,"ABLY Corp., Inc.2020년 6월 1일안녕하세요 고객님, 에이블리를 찾아주셔서 감사합니다. 먼저 이용에 불편을 드려 대단히 죄송합니다. 에이블리를 찾아주시는 고객님들께서 늦는 배송에 대해 많이 아쉬워하는 점을 내부적으로도 매우 심각하게 받아들이고 있습니다. 적절히 배송하지 못하는 마켓은 배송에 대한 내용을 점수화하여 패널티를 적용하고 있으며 상품 상세페이지에 평균 배송일자를 안내해드리고 있으니 주문시 참고 부탁드립니다. 감사합니다."
윤민하,1,2020-04-16,0,"일주일이 지났는데 업체핑계대면서 배송안한다,, 심지어 아직 상품준비중^^ 이건 좀 아니라고 생각하는데 주문할때마다 전화하게 만들고 전화안하면 그냥 배송아예 안해주는줄알았네 써본사람들은 알걸요 결국 기다리다지쳐서 주문취소.. 도대체 몇년후에 배송해주려고 아님 아예 그냥 먹튀? ㅋ 진짜 배송지연도 적당히 그만좀하세요 앱평가에 0.1점은 없는게 아쉽네요 1점이 최하라니 1점도 아까워요","ABLY Corp., Inc.2020년 4월 17일안녕하세요 고객님, 에이블리를 찾아주셔서 감사합니다. 먼저 이용에 불편을 드려 대단히 죄송합니다. 에이블리를 찾아주시는 고객님들께서 늦는 배송에 대해 많이 아쉬워하는 점을 내부적으로도 매우 심각하게 받아들이고 있습니다. 적절히 배송하지 못하는 마켓은 배송에 대한 내용을 점수화하여 패널티를 적용하고 있으며 상품 상세페이지에 평균 배송일자를 안내해드리고 있으니 주문시 참고 부탁드립니다. 감사합니다."
이창근,1,2021-01-09,3,벌써주문을하고 결재를 했는데도 이제와서 품절되었다고합니다 물론 회사에서 전국의 사람들을상대로한디는건 힘던것도있다는건잘알지만 그만큼 여유로워질수있는 여건과 부라는것도축척이되었다고봅니다 그러시면 충분히빠른시일내에 조치를해주시던지 일주일안에다시배송된다고해놓고선또며칠이지난지금은품절되었다고하니 고객의 입장으로선난감할뿐이네요,
라랄랄,1,2019-06-08,3,아니 무슨 터치가 이렇게 안먹어... 아이디 찾는데 터치 안먹어서 한두시간 걸리고 주문하려고 해도 우편찾기 눌러도 암것도 안나오고ㅋㅋㅋ 어제 주문하려고 하루종일 쌩쑈 하다 걍 네이버페이로 주문함 주문을 하라는건지 말라는건지,"ABLY Corp., Inc.2019년 6월 13일안녕하세요, 고객님! 이용에 불편을 드려 대단히 죄송합니다. 해당 오류 사항은 현재 수정 되었으며, 에이블리 어플을 최신 버전으로 업데이트 해주시면 이용 가능하십니다. 다시 한번 이용에 불편을 드려 정말 죄송합니다. 앞으로 더 편리하게 이용하실 수 있도록 노력하겠습니다. 감사합니다."
Haley Han,1,2020-03-16,3,아니 무슨ㅋㅋ쿠폰 금일 12시까지 쓰래서 쇼핑하려니까 어플연결이 불안정하다면서 사진도 안뜨고 엉망이네요 옷하나도 보기힘듬. 인터넷문제인가 싶어서 다른 어플쓰는데는 문제없고 심지어 삭제후 재설치 했는데도 그렇더라구요 브랜디같은 경우는 이런적 한번도 없는데 에이블리는 왜 가끔씩 이런거에요? 분통터짐,"ABLY Corp., Inc.2020년 3월 17일안녕하세요 고객님, 에이블리를 이용해주셔서 감사합니다. 먼저 이용에 불편을 드려 대단히 죄송합니다.이벤트로 인해 많이 사용자가 집중되어 서버가 일시적으로 다운되었으며 다운된 즉시 대응에 돌입하였습니다. 현재는 정상적으로 이용가능하오니 깊은 양해 부탁드립니다. 미흡한 준비에 대해서 다시한번 죄송하다는 말씀을 드리며 앞으로 더욱 발전하는 에이블리가 되겠습니다. 감사합니다."
신한별,1,2020-05-20,5,하..배송 진짜 드릅게 느리네요;;^^무슨 상품 폭주때매 배송이 지연 되서 한 일주일 늦는다고 하네요..이 앱 처음 사용하는데 정말 어의가 없네요 이젠 두개 밀렸네요..,"ABLY Corp., Inc.2020년 5월 22일안녕하세요 고객님, 에이블리를 찾아주셔서 감사합니다. 먼저 이용에 불편을 드려 대단히 죄송합니다. 에이블리를 찾아주시는 고객님들께서 늦는 배송에 대해 많이 아쉬워하는 점을 내부적으로도 매우 심각하게 받아들이고 있습니다. 적절히 배송하지 못하는 마켓은 배송에 대한 내용을 점수화하여 패널티를 적용하고 있으며 상품 상세페이지에 평균 배송일자를 안내해드리고 있으니 주문시 참고 부탁드립니다. 감사합니다."
하서연,1,2020-03-02,3,이거 뭐죠? 제가 정확한 금액을 입금하지 않아서 지금 결제확인 문자가 않오는것 같은데 그럼 50000원 날린건가요? 환불을 해주시던가 아니면 그 금액으로 그냥 결제해주세요. 대체 문자는 왜 안보시는거죠ㅋㅋ 문의 처리도 너무 느리고 ATM 결제방식도 좀 추가해주세요,"ABLY Corp., Inc.2020년 3월 2일안녕하세요 고객님, 에이블리를 이용해주셔서 감사합니다. 정확한 금액을 입금하지 않아 확인되지 않은 입금 건은 공지사항에 미확인 입금 건으로 분류됩니다. 해당 내용을 고객센터에 문의해주시면 순차적으로 안내해드립니다. 월요일의 경우 주말동안 접수된 문의를 순차적으로 안내해드리고 있기 때문에 시간이 다소 소요될 수 있는 점 깊은 양해부탁드립니다. 감사합니다."
mini K,1,2019-08-23,16,어플이면 기능부터 우선적으로 하고 편리성에 사용을 맞춰야죠. 어플 광고알림 끄기 설정은 왜없는것이며 그 흔한 환경설정조차도 없는 어플. 오로지 광고와 판매수익만을 위한 어플.,"ABLY Corp., Inc.2019년 8월 29일안녕하세요 고객님, 에이블리를 찾아주셔서 감사합니다. 먼저 이용에 불편을 드려 대단히 죄송합니다. 현재 앱 내에 알림을 끄는 기능은 존재하지 않습니다. 에이블리 앱 알림은 휴대폰 기기 자체의 설정 앱에 접속하여 알림 탭을 클릭 후, 나열되는 앱 리스트 중 에이블리를 찾아 알림을 OFF로 설정해주시면 됩니다. 감사합니다."
꾜미뀰,1,2020-12-01,4,진짜 별 하나 주기도 아깝네요ㅡㅡ 제가 지금까지 이 에이블리 앱을 쓰면서 케이스도 시키고 모자도 시켰는데 케이스는 제 폰 기종이 만들어지지 않았데요 차라리 그 기종을 쓰지 말아야죠..ㅡㅡ 그리고 또 모자를 친구랑 같이 살라고 편의점 결제까지 다하고 기다려도 12월 1일에 와야 하거든요. 근데 제 친구 딱 한명은 그냥 같이 계산 안했는데 그 친구 까지 오고 저랑 같이 시킨 친구랑은 딱 그때 안돼서 12월 27일에 온데요;; 차라리 저희까지 주시고 그러시지 너무 해요. 그리고 에이블리에서 구매를 해도 재대로 받은적 한번도 없구요ㅡㅡ 차라리 지금 여러분들도 제 리뷰룰 보셨다면 더른 업체에서 사는게 낮겠어요😑,
배수정,1,2019-11-21,8,"""옷 모아보기""만 좋은 앱. 배송시키면 괜히 에이블리에서 배달해준답시고 엄청 느리게 옴. 주문날짜로부터 2주를 기다리는 기적을 맛볼 수 있음. 그냥 사이트 하나하나 들어가서 배송비내고 시키는게 나을듯","ABLY Corp., Inc.2019년 11월 22일안녕하세요 고객님, 에이블리를 찾아주셔서 감사합니다. 먼저 이용에 불편을 드려 대단히 죄송합니다. 에이블리를 찾아주시는 고객님들께서 늦는 배송에 대해 많이 아쉬워하는 점을 내부적으로도 매우 심각하게 받아들이고 있습니다. 가장 시급하게 해결해야할 과제라고 생각하고 최선을 다해 배송 시간을 개선하기 위해 노력하겠습니다. 감사합니다."
김나연,1,2020-03-07,2,가입해서 다섯번정도 구매 시도 햇지만 물건은오지않고 매번 배송지연이라는말만 돌아오는곳 한번도 제대로구매못해봄 지연연락도 일체않주고 내가물어야 대답해주고 진짜 무슨이런싸이트가잇나싶네요 왠만하면 이런거 후기안쓰는데 오죽하면 여기다쓰겠나싶지않으세요? 회원탈퇴하고 앱도 없애버렸습니다,"ABLY Corp., Inc.2020년 3월 9일안녕하세요 고객님, 에이블리를 찾아주셔서 감사합니다. 먼저 이용에 불편을 드려 대단히 죄송합니다. 에이블리를 찾아주시는 고객님들께서 늦는 배송에 대해 많이 아쉬워하는 점을 내부적으로도 매우 심각하게 받아들이고 있습니다. 가장 시급하게 해결해야할 과제라고 생각하고 최선을 다해 배송 시간을 개선하기 위해 노력하겠습니다. 아울러 상품 상세페이지에 평균 배송일자를 안내해드리고 있으니 주문시 참고 부탁드립니다. 감사합니다."
김하영,1,2019-10-28,113,아니 뭔.. 로그인이 안돼요;;;; 뭔 페이스북 로그인도 안되지 번호 땜에 새로 계정 만들지도 못하지.. 뭔... 어쩌라는 거죠... 비밀 번호 찾기나 아이디 찾기 들어가도 불가능이네요.. 없는 아이디라고 뜨고... 에이블리 자주 이용 했는데 어이가 없어서 너무 하다는 생각도 드네요.. 아무것도 못하게 해놨으니 참.. 쓰지를 말라는건지....,"ABLY Corp., Inc.2019년 11월 1일안녕하세요 고객님, 에이블리를 찾아주셔서 감사합니다. 먼저 이용에 불편을 드려 대단히 죄송합니다. 고객님의 페이스북 계정이 정확한 이메일 형식을 갖추지 못해 발생한 문제일 수 있습니다. 가입하셨던 전화번호를 전달해주시면 확인 후 조치하겠습니다. 개인정보보호를 위해 support@a-bly.com으로 가입하신 전화번호를 전달해주세요. 감사합니다."
이sky,1,2019-11-13,88,"뭔가 좀 많이, 굉장히 문디 같네요... 회원탈퇴 하자니까 항목을 아무리 찾아도 없음. 알림 끄기 설정하자니까 ""설정"" 자체가 안보임 .... 이렇게 회원들을 알림으로 괴롭혀서도 장사가 되시나 보죠? 그 회원들은 앉아서 ably 만 만날 뚫어지라 보시나? 문제가 심각하네요!","ABLY Corp., Inc.2019년 11월 15일안녕하세요 고객님, 에이블리를 찾아주셔서 감사합니다. 회원탈퇴는 앱 내 마이페이지 &gt; 최하단 회원 탈퇴 버튼을 클릭하여 직접 하실 수 있습니다. 아울러 알림은 에이블리 앱이 아닌 기기 자체 설정 앱 &gt; 알림 &gt; 나열되는 리스트에서 에이블리 알림 설정 OFF하시면 됩니다. 감사합니다."
에이치,1,2020-07-05,0,여기서 처음 물건을 시켜보는데요 ㅎㅎ 물건을 2개 시켯어요 기본 4일에 하나는 배송이 오지도 않아요 1일째 멈춰잇고요 하나는 세종시(?)에서 배송이 완료가 되엇대요 전 거기에 안 살아요;; 고객센터에 문의해봐도 답변도 주지 않아요 뭐하자는 앱이예요? 제 돈 아까워서라도 후기 악평으로 남기고 싶은데 리뷰 조작하실껏 같아서 여기에 남겨요 ㅎㅎ,"ABLY Corp., Inc.2020년 7월 6일안녕하세요 고객님, 에이블리를 찾아주셔서 감사합니다. 먼저 이용에 불편을 드려 대단히 죄송합니다. 정확한 현상 파악을 위해 고객님의 회원 ID와 함께 해당 구매내역과 배송완료 내용을 캡쳐하여 support@a-bly.com으로 전달해주시면 내용 확인 후 더욱 자세히 안내해드리겠습니다. 번거로우시더라도 확인 부탁드립니다. 다양한 상품리뷰에서 확인하실 수 있듯 에이블리에서는 리뷰에 관여하지 않습니다. 남기신 리뷰는 작성 고객님께서만 수정하실 수 있기 때문에 조작에 대한 우려는 내려놓으셔도 됩니다. 아울러 정확하지 않은 정보는 잘못된 인식을 심어줄 수 있습니다. 확인되지 않은 정보 게시는 지양해주시기 바랍니다. 감사합니다."
임미선,1,2019-09-05,11,별한개도 아깝네요. 품절처리도 제대로안해서 일주일넘게 상품은 받지도 못하고 환불처리만 몇번을 했는지. 그거에 대한보상따윈. 역시 소비자 몫이네요.,"ABLY Corp., Inc.2019년 9월 6일안녕하세요 고객님, 에이블리를 찾아주셔서 감사합니다. 품절 여부는 거래처의 사정을 실시간으로 확인하기가 어려운 경우가 있습니다. 양해 부탁드립니다. 최대한 빠르게 고객님께서 불편하지 않으시도록 품절관리에 최선을 다하도록 하겠습니다. 감사합니다."
ᅳ,1,2020-07-13,0,폰케이스 기종이 너무 아이폰 위주로만 있어요....제 폰이 LG X4 2019인데 폰케이스가 예뻐서 사려고 하면 다 아이폰만 있고....전기종이라고 해서 들어갔는데 X4 2019는 없던데요? 적어도 전기종이면 모든 폰기종은 추가시켜야 되는거 아닌가요.? 폰케이스에 LG X4 2019좀 추가시켜주세요.....추가시켜주시면 자주 이용할께요,"ABLY Corp., Inc.2020년 7월 17일안녕하세요 고객님, 에이블리를 이용해주셔서 감사합니다. 판매자들이 안드로이드 케이스에 비해 아이폰 케이스를 많이 판매하고 있는 상황입니다. 더욱 다양한 상품이 판매될 수 있도록 휴대폰 악세서리 판매자들에게 많은 독려를 하도록 하겠습니다. 감사합니다."
폼폼크랩,1,2019-09-20,79,^^첫구매했다가 정말 화가납니다 어깨선이랑 단추문제있어서 반품처리했엇는데요 상담원님께선 제품엔 문제없다구 그러면서 저랑 20분정도 통화하고 직원착용샷 보내주신다했었는데 근데 갑자기 검수 담당자님께서는 확인잘못해서 죄송하다하구 그제서야 반품처리해준다구하고 증말 처음부터 잘확인좀해주세요,"ABLY Corp., Inc.2019년 9월 24일안녕하세요 고객님, 실망시켜 드려 대단히 죄송합니다. 늘 고객님들께 더 좋은 서비스를 제공해 드리기 위해 노력하고 있으니 양해 부탁드리겠습니다. 앞으로 고객님께서 더 편리하고, 만족스러워하실 수 있는 이벤트와 프로모션 준비하여 더 발전해나가는 에이블리 되겠습니다. 다시 한 번, 불편함과 실망감 드리게 되어 죄송하다는 말씀드립니다. 감사합니다."
many_ kmh,1,2020-07-24,0,"전상품 ""무조건"" 무료배송이라면서 도서산간지역에서 주문하면 각 쇼핑몰별로 3,000원씩 배송비가 붙네요... 이럴거면 수도권 전상품 무료배송이라구 하세요.","ABLY Corp., Inc.2020년 7월 27일안녕하세요 고객님 에이블리를 이용해주셔서 감사합니다. 에이블리 회원이라면 누구에게나 동일하게 금액의 일반 배송비가 지원됩니다. 도서산간 지역 배송비는 일반 배송비 + 도서산간 추가 배송비로 구성되어있기 때문에 추가 배송비가 발생합니다. 도서산간 지역이 아닌 고객님들과 비교해 도서산간 지역에 거주하시는 고객님들에게만 더 많은 혜택을 제공해드릴 수 없다는 점 양해바랍니다. 아울러 좀 더 합리적인 구매가 가능하도록 쿠폰 발급 및 다양한 이벤트를 제공하기 위해 노력하고 있습니다. 앞으로 고객님께서 더 편리하고, 만족스러워 하실 수 있는 에이블리 되겠습니다. 감사합니다."
Google 사용자,1,2019-03-19,1,아이디 찾기 하는데 가입이 안된번호 라고 하고 가입하려니까 가입이 된 번호라고하네요;; 어찌해야 할지.. 배송도 품절이여서 재입고 까지 기다렸는데 재입고가 3번에 걸쳐서 1달 넘게까지 미뤄졌어요.,"ABLY Corp., Inc.2019년 3월 21일안녕하세요 고객님, 먼저 이용에 불편을 드려 대단히 죄송합니다. 해당 내용을 확인 하기 위해서 휴대폰 번호가 필요합니다만, 개인정보 보호를 위해 고객센터나 문의게시판에 문의해주시면 친절히 도와 드리도록 하겠습니다. 감사합니다 :)"
asha Jung,1,2020-10-08,1,택배가 단 한번도 제대로 온 적이 없습니다 기분좋게 받아본적이 없어요 기본 배송이 1일 걸리던 것이 제가 주문하니 7일 넘게 걸렸네요 이거 지워버리고 ㅈ*ㅈ*깔라구요 판매자님... 택배사 문제도 있습니다 택배가 다 찌그러져서 와요 게다가 판매자님이 말씀하신거 그거보고 주문했는데 평균배송이 1일이라고 되어있었습니다 그래서 주문했구요 안적혀있었음 다른데서 주문했겠지요 여튼 제가 주문하니 7일이 걸리더라구요 그래서 에이블리 지웠습니다 저는 이앱별롭니다,"ABLY Corp., Inc.2020년 10월 8일안녕하세요 고객님, 에이블리를 찾아주셔서 감사합니다. 먼저 이용에 불편을 드려 대단히 죄송합니다. 에이블리를 찾아주시는 고객님들께서 늦는 배송에 대해 많이 아쉬워하는 점을 내부적으로도 매우 심각하게 받아들이고 있습니다. 적절히 배송하지 못하는 마켓은 배송에 대한 내용을 점수화하여 패널티를 적용하고 있으며 상품 상세페이지에 평균 배송일자를 안내해드리고 있으니 주문시 참고 부탁드립니다. 감사합니다."
일개미,1,2020-10-15,1,재고도없으면서 주문만받음ㅡㅡ 진심 쇼핑몰 관리안함 월요일에 시켯는데 목요일됫는데..아직도 준비중 재고가없음 상품내리던지 안내를 미리하던지 물어보기 전까지 절대로 안내 안해줌ㅡㅡ 하...개빡 주문취소만 몇번째인지..ㅡㅡ,
JE Yang,1,2019-06-28,4,"옷 이뻐서 샀는데 위xx,티x에 더 싸게 올라와있어요 . 그리고 여기에서 주문했는데 언제오는지 문의글 남겨도 연락조차 안왔습니다.. 옷 이뻐서 구매할 수는 있겠지만 사후 처리가 별로임... 이럴거면 티x같은데에서 구매하고 빠르고 더 저렴하게 구매하는게 더 이득인 부분 같아요 .. 개발자님 돈은 넣었고 문의글도 남겼는데 왜 연락이 안오는 걸까요? 업체 선정하실때 최선을 다해서 업체 선정하신거 맞나요?","ABLY Corp., Inc.2019년 7월 10일안녕하세요 고객님, 먼저 이용에 불편을 드려 대단히 죄송합니다. 온라인 판매 상품의 경우, 도매 거래처에 따라 상품의 재질 및 디테일에 차이가 있을 수 있고 그에 따라 가격이 상이할 수 있습니다. 항상 고객님께 좋은 상품을 합리적인 가격에 제공해 드리기 위해 노력하는 에이블리가 되겠습니다.고객님의 불편사항을 반영하여 좀 더 발전하는 에이블리가 되겠습니다. 다시 한번 진심으로 죄송하다는 말씀드리며 다음부터는 고객님께서 더 만족하실 수 있도록 더욱 노력하겠습니다."
